timestamp,core_node_cpu,core_node_memory,core_node_tx,core_node_rx,core_node_latency,core_node_jitter,core_node_cost,mec_node_cpu,mec_node_memory,mec_node_tx,mec_node_rx,mec_node_latency,mec_node_jitter,mec_node_cost,kube_app_server_cpu,kube_app_server_memory,kube_app_server_tx,kube_app_server_rx,kube_app_server_latency,kube_app_server_jitter,kube_app_server_cost,ue1_cqi,ue1_dl_bitrate,ue1_dl_mcs,ue1_epre,ue1_pusch_snr,ue1_ul_bitrate,ue1_ul_mcs,ue1_ul_path_loss,ue2_cqi,ue2_dl_bitrate,ue2_dl_mcs,ue2_epre,ue2_pusch_snr,ue2_ul_bitrate,ue2_ul_mcs,ue2_ul_path_loss,ue3_cqi,ue3_dl_bitrate,ue3_dl_mcs,ue3_epre,ue3_pusch_snr,ue3_ul_bitrate,ue3_ul_mcs,ue3_ul_path_loss
1761121946.379874,19.285500049987476,34.45796824724725,24832.3391208718,5990.602192821676,54.55,11.78,4.0,21.6307210240334,50.09199531370899,20240.94136471216,26597.95326510884,49.91,7.62,4.0,24.448879407244412,79.67072425941804,10126.212924093317,542279.5402931663,0.0,0.0,4.0,0.0,0.0,0.0,0.0,0.0,0.0,0.0,0.0,0.0,0.0,0.0,0.0,0.0,0.0,0.0,0.0,0.0,0.0,0.0,0.0,0.0,0.0,0.0,0.0
1761121951.888344,19.285500049987498,34.45796824724725,24832.339120871795,5990.602192821674,65.33,26.4,4.0,21.6307210240334,50.09199531370899,20240.94136471216,26597.95326510884,55.65,11.98,4.0,24.448879407244412,79.67072425941804,10126.212924093317,542279.5402931663,0.0,0.0,4.0,0.0,0.0,0.0,0.0,0.0,0.0,0.0,0.0,0.0,0.0,0.0,0.0,0.0,0.0,0.0,0.0,0.0,0.0,0.0,0.0,0.0,0.0,0.0,0.0
1761121957.243369,19.285500049987498,34.45796824724725,24832.3391208718,5990.602192821676,65.94,6.66,4.0,20.972796372850695,50.038886667740776,19154.553940525402,11410.588078410454,55.65,11.98,4.0,24.448879407244405,79.67072425941804,10126.212924093319,542279.5402931663,0.0,0.0,4.0,0.0,0.0,0.0,0.0,0.0,0.0,0.0,0.0,0.0,0.0,0.0,0.0,0.0,0.0,0.0,0.0,0.0,0.0,0.0,0.0,0.0,0.0,0.0,0.0
1761121962.561023,19.285500049987498,34.45796824724725,24832.339120871795,5990.602192821674,65.94,6.66,4.0,20.972796372850723,50.038886667740776,19154.553940525402,11410.588078410454,62.35,11.65,4.0,24.448879407244412,79.67072425941804,10126.212924093317,542279.5402931663,0.0,0.0,4.0,0.0,0.0,0.0,0.0,0.0,0.0,0.0,0.0,0.0,0.0,0.0,0.0,0.0,0.0,0.0,0.0,0.0,0.0,0.0,0.0,0.0,0.0,0.0,0.0
1761121967.753465,19.285500049987498,34.45796824724725,24832.339120871795,5990.602192821674,75.63,34.67,4.0,20.972796372850723,50.038886667740776,19154.553940525402,11410.588078410454,62.35,11.65,4.0,24.448879407244412,79.67072425941804,10126.212924093317,542279.5402931663,0.0,0.0,4.0,0.0,0.0,0.0,0.0,0.0,0.0,0.0,0.0,0.0,0.0,0.0,0.0,0.0,0.0,0.0,0.0,0.0,0.0,0.0,0.0,0.0,0.0,0.0,0.0
1761121973.049956,19.285500049987498,34.45796824724725,24832.339120871795,5990.602192821674,75.63,34.67,4.0,20.972796372850723,50.038886667740776,19154.553940525402,11410.588078410454,69.25,13.14,4.0,24.483854479187958,80.5531959759608,15920.261350756718,108994.73298219882,0.0,0.0,4.0,0.0,0.0,0.0,0.0,0.0,0.0,0.0,0.0,0.0,0.0,0.0,0.0,0.0,0.0,0.0,0.0,0.0,0.0,0.0,0.0,0.0,0.0,0.0,0.0
1761121978.338677,19.189477544760987,34.65869485760395,24586.536858600342,2184.776447837829,63.21,18.28,4.0,20.972796372850723,50.038886667740776,19154.553940525402,11410.588078410454,69.25,13.14,4.0,24.483854479187958,80.5531959759608,15920.261350756718,108994.73298219882,0.0,0.0,4.0,0.0,0.0,0.0,0.0,0.0,0.0,0.0,0.0,0.0,0.0,0.0,0.0,0.0,0.0,0.0,0.0,0.0,0.0,0.0,0.0,0.0,0.0,0.0,0.0
1761121983.576512,19.189477544760976,34.65869485760395,24586.536858600335,2184.776447837829,63.21,18.28,4.0,20.972796372850723,50.038886667740776,19154.553940525402,11410.588078410454,54.0,11.42,4.0,24.483854479187958,80.5531959759608,15920.261350756718,108994.73298219882,0.0,0.0,4.0,0.0,0.0,0.0,0.0,0.0,0.0,0.0,0.0,0.0,0.0,0.0,0.0,0.0,0.0,0.0,0.0,0.0,0.0,0.0,0.0,0.0,0.0,0.0,0.0
1761121988.815604,19.189477544760976,34.65869485760395,24586.536858600335,2184.7764478378285,65.84,13.92,4.0,19.949999999998916,50.33247603646396,19142.933333333334,13954.4,54.0,11.42,4.0,24.483854479187958,80.5531959759608,15920.261350756718,108994.73298219882,0.0,0.0,4.0,0.0,0.0,0.0,0.0,0.0,0.0,0.0,0.0,0.0,0.0,0.0,0.0,0.0,0.0,0.0,0.0,0.0,0.0,0.0,0.0,0.0,0.0,0.0,0.0
1761121994.079327,19.189477544760976,34.65869485760395,24586.536858600342,2184.776447837829,65.84,13.92,4.0,19.949999999998916,50.33247603646396,19142.933333333334,13954.4,67.32,22.71,4.0,24.483854479187958,80.5531959759608,15920.261350756718,108994.73298219882,0.0,0.0,4.0,0.0,0.0,0.0,0.0,0.0,0.0,0.0,0.0,0.0,0.0,0.0,0.0,0.0,0.0,0.0,0.0,0.0,0.0,0.0,0.0,0.0,0.0,0.0,0.0
1761121999.399096,19.189477544760976,34.65869485760395,24586.536858600342,2184.776447837829,60.81,17.93,4.0,19.949999999998916,50.33247603646396,19142.933333333334,13954.4,67.32,22.71,4.0,24.483854479187958,80.5531959759608,15920.261350756718,108994.73298219882,0.0,0.0,4.0,0.0,0.0,0.0,0.0,0.0,0.0,0.0,0.0,0.0,0.0,0.0,0.0,0.0,0.0,0.0,0.0,0.0,0.0,0.0,0.0,0.0,0.0,0.0,0.0
1761122004.642242,21.23413187618665,34.589389251838995,25196.548162462932,6090.427481424716,60.81,17.93,4.0,19.949999999998916,50.33247603646396,19142.933333333334,13954.4,65.95,13.22,4.0,25.072141696242007,80.63814084137192,21471.75694052871,537310.2922153305,0.0,0.0,4.0,0.0,0.0,0.0,0.0,0.0,0.0,0.0,0.0,0.0,0.0,0.0,0.0,0.0,0.0,0.0,0.0,0.0,0.0,0.0,0.0,0.0,0.0,0.0,0.0
1761122010.178563,21.234131876186638,34.589389251838995,25196.548162462932,6090.427481424716,68.64,18.58,4.0,19.949999999998916,50.33247603646396,19142.933333333334,13954.4,65.95,13.22,4.0,25.072141696242007,80.63814084137192,21471.75694052871,537310.2922153305,0.0,0.0,4.0,0.0,0.0,0.0,0.0,0.0,0.0,0.0,0.0,0.0,0.0,0.0,0.0,0.0,0.0,0.0,0.0,0.0,0.0,0.0,0.0,0.0,0.0,0.0,0.0
1761122015.537737,21.23413187618665,34.589389251838995,25196.548162462932,6090.427481424716,68.64,18.58,4.0,22.310358618851758,49.90521996328143,19268.630849220106,11276.36315157979,60.38,12.4,4.0,25.072141696242007,80.63814084137192,21471.75694052871,537310.2922153305,0.0,0.0,4.0,0.0,0.0,0.0,0.0,0.0,0.0,0.0,0.0,0.0,0.0,0.0,0.0,0.0,0.0,0.0,0.0,0.0,0.0,0.0,0.0,0.0,0.0,0.0,0.0
1761122021.074677,21.23413187618665,34.589389251838995,25196.548162462932,6090.427481424716,69.13,18.46,4.0,22.310358618851758,49.90521996328143,19268.630849220106,11276.36315157979,60.38,12.4,4.0,25.072141696242007,80.63814084137192,21471.75694052871,537310.2922153305,0.0,0.0,4.0,0.0,0.0,0.0,0.0,0.0,0.0,0.0,0.0,0.0,0.0,0.0,0.0,0.0,0.0,0.0,0.0,0.0,0.0,0.0,0.0,0.0,0.0,0.0,0.0
1761122026.309676,21.23413187618665,34.589389251838995,25196.548162462932,6090.427481424716,69.13,18.46,4.0,22.310358618851758,49.90521996328143,19268.630849220106,11276.36315157979,66.48,16.18,4.0,25.072141696242007,80.63814084137192,21471.75694052871,537310.2922153305,0.0,0.0,4.0,0.0,0.0,0.0,0.0,0.0,0.0,0.0,0.0,0.0,0.0,0.0,0.0,0.0,0.0,0.0,0.0,0.0,0.0,0.0,0.0,0.0,0.0,0.0,0.0
1761122031.500606,21.23413187618665,34.589389251838995,25196.548162462932,6090.427481424716,68.5,30.35,4.0,22.310358618851758,49.90521996328143,19268.630849220106,11276.36315157979,66.48,16.18,4.0,25.072141696242007,80.63814084137192,21471.75694052871,537310.2922153305,0.0,0.0,4.0,0.0,0.0,0.0,0.0,0.0,0.0,0.0,0.0,0.0,0.0,0.0,0.0,0.0,0.0,0.0,0.0,0.0,0.0,0.0,0.0,0.0,0.0,0.0,0.0
1761122036.774305,18.931536999367324,34.4411910977249,25691.132824223834,16308.93387134425,68.5,30.35,4.0,22.310358618851758,49.90521996328143,19268.630849220106,11276.36315157979,64.27,34.58,4.0,25.686464998380643,78.83281378374669,18642.457539110917,126007.97293223008,0.0,0.0,4.0,0.0,0.0,0.0,0.0,0.0,0.0,0.0,0.0,0.0,0.0,0.0,0.0,0.0,0.0,0.0,0.0,0.0,0.0,0.0,0.0,0.0,0.0,0.0,0.0
1761122042.008724,18.931536999367324,34.4411910977249,25691.132824223834,16308.93387134425,68.92,29.67,4.0,22.310358618851758,49.90521996328143,19268.630849220106,11276.36315157979,64.27,34.58,4.0,25.686464998380643,78.83281378374669,18642.457539110917,126007.97293223008,0.0,0.0,4.0,0.0,0.0,0.0,0.0,0.0,0.0,0.0,0.0,0.0,0.0,0.0,0.0,0.0,0.0,0.0,0.0,0.0,0.0,0.0,0.0,0.0,0.0,0.0,0.0
1761122047.202756,18.931536999367324,34.4411910977249,25691.132824223834,16308.933871344248,68.92,29.67,4.0,20.033333333334063,50.446052953497116,20850.13333333333,41467.46666666667,58.64,13.8,4.0,25.686464998380643,78.83281378374669,18642.457539110917,126007.97293223008,0.0,0.0,4.0,0.0,0.0,0.0,0.0,0.0,0.0,0.0,0.0,0.0,0.0,0.0,0.0,0.0,0.0,0.0,0.0,0.0,0.0,0.0,0.0,0.0,0.0,0.0,0.0
1761122052.426386,18.931536999367324,34.4411910977249,25691.132824223834,16308.93387134425,59.19,18.49,4.0,20.033333333334063,50.446052953497116,20850.13333333333,41467.46666666667,58.64,13.8,4.0,25.686464998380643,78.83281378374669,18642.457539110917,126007.97293223008,0.0,0.0,4.0,0.0,0.0,0.0,0.0,0.0,0.0,0.0,0.0,0.0,0.0,0.0,0.0,0.0,0.0,0.0,0.0,0.0,0.0,0.0,0.0,0.0,0.0,0.0,0.0
1761122058.043071,18.931536999367346,34.4411910977249,25691.132824223834,16308.93387134425,59.19,18.49,4.0,20.033333333334063,50.446052953497116,20850.13333333333,41467.46666666667,73.62,43.18,4.0,25.686464998380643,78.83281378374669,18642.457539110917,126007.97293223008,0.0,0.0,4.0,0.0,0.0,0.0,0.0,0.0,0.0,0.0,0.0,0.0,0.0,0.0,0.0,0.0,0.0,0.0,0.0,0.0,0.0,0.0,0.0,0.0,0.0,0.0,0.0
1761122063.323568,18.931536999367324,34.4411910977249,25691.132824223834,16308.93387134425,66.54,19.69,4.0,20.033333333334063,50.446052953497116,20850.13333333333,41467.46666666667,73.62,43.18,4.0,23.166666666667073,81.3829501530798,19501.866666666665,542389.0666666667,0.0,0.0,4.0,0.0,0.0,0.0,0.0,0.0,0.0,0.0,0.0,0.0,0.0,0.0,0.0,0.0,0.0,0.0,0.0,0.0,0.0,0.0,0.0,0.0,0.0,0.0,0.0
1761122068.801201,19.25833333333306,34.14868948492153,25134.4,10469.333333333336,66.54,19.69,4.0,20.033333333334063,50.446052953497116,20850.13333333333,41467.46666666667,56.61,13.41,4.0,23.166666666667073,81.3829501530798,19501.866666666665,542389.0666666668,0.0,0.0,4.0,0.0,0.0,0.0,0.0,0.0,0.0,0.0,0.0,0.0,0.0,0.0,0.0,0.0,0.0,0.0,0.0,0.0,0.0,0.0,0.0,0.0,0.0,0.0,0.0
1761122074.030011,19.25833333333306,34.14868948492153,25134.4,10469.333333333334,59.88,21.42,4.0,20.033333333334063,50.446052953497116,20850.13333333333,41467.46666666667,56.61,13.41,4.0,23.166666666667073,81.3829501530798,19501.866666666672,542389.0666666667,0.0,0.0,4.0,0.0,0.0,0.0,0.0,0.0,0.0,0.0,0.0,0.0,0.0,0.0,0.0,0.0,0.0,0.0,0.0,0.0,0.0,0.0,0.0,0.0,0.0,0.0,0.0
1761122079.274683,19.25833333333306,34.14868948492153,25134.4,10469.333333333334,59.88,21.42,4.0,20.55607414321782,50.22049038972198,19203.093745832775,10899.319909321242,57.22,9.31,4.0,23.166666666667073,81.3829501530798,19501.866666666665,542389.0666666667,0.0,0.0,4.0,0.0,0.0,0.0,0.0,0.0,0.0,0.0,0.0,0.0,0.0,0.0,0.0,0.0,0.0,0.0,0.0,0.0,0.0,0.0,0.0,0.0,0.0,0.0,0.0
1761122084.583487,19.25833333333306,34.14868948492153,25134.4,10469.333333333334,49.9,8.97,4.0,20.55607414321782,50.22049038972198,19203.093745832775,10899.319909321242,92.59,35.62,4.0,23.166666666667073,81.3829501530798,19501.866666666665,542389.0666666667,0.0,0.0,4.0,0.0,0.0,0.0,0.0,0.0,0.0,0.0,0.0,0.0,0.0,0.0,0.0,0.0,0.0,0.0,0.0,0.0,0.0,0.0,0.0,0.0,0.0,0.0,0.0
1761122089.808855,19.25833333333306,34.14868948492153,25134.4,10469.333333333334,49.9,8.97,4.0,20.55607414321782,50.22049038972198,19203.093745832775,10899.319909321242,92.59,35.62,4.0,23.166666666667073,81.3829501530798,19501.866666666665,542389.0666666667,0.0,0.0,4.0,0.0,0.0,0.0,0.0,0.0,0.0,0.0,0.0,0.0,0.0,0.0,0.0,0.0,0.0,0.0,0.0,0.0,0.0,0.0,0.0,0.0,0.0,0.0,0.0
1761122095.102682,19.391666666665515,34.38706481771827,24609.866666666665,3404.5333333333333,59.86,9.37,4.0,20.55607414321782,50.22049038972198,19203.093745832775,10899.319909321242,70.47,26.31,4.0,23.022222222222005,79.86388928123117,17740.533333333333,112556.8,0.0,0.0,4.0,0.0,0.0,0.0,0.0,0.0,0.0,0.0,0.0,0.0,0.0,0.0,0.0,0.0,0.0,0.0,0.0,0.0,0.0,0.0,0.0,0.0,0.0,0.0,0.0
1761122100.410085,19.391666666665515,34.38706481771827,24609.866666666665,3404.5333333333333,59.86,9.37,4.0,20.55607414321782,50.22049038972198,19203.093745832775,10899.319909321242,70.47,26.31,4.0,23.022222222222005,79.86388928123117,17740.533333333333,112556.8,0.0,0.0,4.0,0.0,0.0,0.0,0.0,0.0,0.0,0.0,0.0,0.0,0.0,0.0,0.0,0.0,0.0,0.0,0.0,0.0,0.0,0.0,0.0,0.0,0.0,0.0,0.0
1761122105.742956,19.391666666665515,34.38706481771827,24609.866666666665,3404.5333333333333,86.09,32.76,4.0,22.21666666666654,50.29866154277633,21153.866666666672,28159.733333333334,82.77,31.37,4.0,23.022222222222005,79.86388928123117,17740.533333333333,112556.8,0.0,0.0,4.0,0.0,0.0,0.0,0.0,0.0,0.0,0.0,0.0,0.0,0.0,0.0,0.0,0.0,0.0,0.0,0.0,0.0,0.0,0.0,0.0,0.0,0.0,0.0,0.0
1761122110.9754,19.391666666665515,34.38706481771827,24609.866666666665,3404.5333333333333,86.09,32.76,4.0,22.21666666666654,50.29866154277633,21153.866666666665,28159.733333333337,82.77,31.37,4.0,23.022222222222005,79.86388928123117,17740.533333333333,112556.8,0.0,0.0,4.0,0.0,0.0,0.0,0.0,0.0,0.0,0.0,0.0,0.0,0.0,0.0,0.0,0.0,0.0,0.0,0.0,0.0,0.0,0.0,0.0,0.0,0.0,0.0,0.0
1761122116.31093,19.391666666665515,34.38706481771827,24609.866666666665,3404.5333333333333,54.57,8.39,4.0,22.216666666666526,50.29866154277633,21153.866666666665,28159.733333333334,66.0,12.1,4.0,23.022222222222005,79.86388928123117,17740.533333333333,112556.8,0.0,0.0,4.0,0.0,0.0,0.0,0.0,0.0,0.0,0.0,0.0,0.0,0.0,0.0,0.0,0.0,0.0,0.0,0.0,0.0,0.0,0.0,0.0,0.0,0.0,0.0,0.0
1761122190.786368,19.34246940748912,34.581000677077824,25235.30392451069,7086.926077823347,71.46,29.64,4.0,20.606080810776113,50.18548244331597,19456.46086144819,14340.045339378583,68.25,23.89,4.0,24.23937360179019,80.23987475108369,10718.389261744964,530321.8791946308,0.0,0.0,4.0,0.0,0.0,0.0,0.0,0.0,0.0,0.0,0.0,0.0,0.0,0.0,0.0,0.0,0.0,0.0,0.0,0.0,0.0,0.0,0.0,0.0,0.0,0.0,0.0
1761122196.290849,19.34246940748912,34.581000677077824,25235.303924510685,7086.9260778233465,58.22,16.83,4.0,20.69999999999861,50.074292431719584,19639.733333333334,12354.933333333332,68.25,23.89,4.0,24.239373601790213,80.23987475108369,10718.389261744964,530321.8791946308,0.0,0.0,4.0,0.0,0.0,0.0,0.0,0.0,0.0,0.0,0.0,0.0,0.0,0.0,0.0,0.0,0.0,0.0,0.0,0.0,0.0,0.0,0.0,0.0,0.0,0.0,0.0
1761122201.596472,19.34246940748912,34.581000677077824,25235.303924510685,7086.9260778233465,58.22,16.83,4.0,20.69999999999861,50.074292431719584,19639.733333333334,12354.933333333332,62.85,20.14,4.0,24.239373601790213,80.23987475108369,10718.389261744964,530321.8791946308,0.0,0.0,4.0,0.0,0.0,0.0,0.0,0.0,0.0,0.0,0.0,0.0,0.0,0.0,0.0,0.0,0.0,0.0,0.0,0.0,0.0,0.0,0.0,0.0,0.0,0.0,0.0
1761122206.886318,19.34246940748912,34.581000677077824,25235.303924510685,7086.9260778233465,62.38,20.13,4.0,20.69999999999861,50.074292431719584,19639.733333333334,12354.933333333332,62.85,20.14,4.0,24.239373601790213,80.23987475108369,10718.389261744964,530321.8791946308,0.0,0.0,4.0,0.0,0.0,0.0,0.0,0.0,0.0,0.0,0.0,0.0,0.0,0.0,0.0,0.0,0.0,0.0,0.0,0.0,0.0,0.0,0.0,0.0,0.0,0.0,0.0
1761122212.144387,19.34246940748912,34.581000677077824,25235.303924510685,7086.9260778233465,62.38,20.13,4.0,20.69999999999861,50.074292431719584,19639.733333333334,12354.933333333332,75.5,28.78,4.0,26.537098154260242,79.58279538234142,14280.62806280628,107156.84901823517,0.0,0.0,4.0,0.0,0.0,0.0,0.0,0.0,0.0,0.0,0.0,0.0,0.0,0.0,0.0,0.0,0.0,0.0,0.0,0.0,0.0,0.0,0.0,0.0,0.0,0.0,0.0
1761122217.393578,19.63333333333329,34.45736906333575,24672.266666666666,2662.6666666666665,62.6,19.2,4.0,20.69999999999861,50.074292431719584,19639.733333333334,12354.933333333332,75.5,28.78,4.0,26.537098154260242,79.58279538234142,14280.62806280628,107156.84901823515,0.0,0.0,4.0,0.0,0.0,0.0,0.0,0.0,0.0,0.0,0.0,0.0,0.0,0.0,0.0,0.0,0.0,0.0,0.0,0.0,0.0,0.0,0.0,0.0,0.0,0.0,0.0
1761122222.676631,19.63333333333329,34.45736906333575,24672.266666666666,2662.6666666666665,62.6,19.2,4.0,20.69999999999861,50.074292431719584,19639.733333333334,12354.933333333332,68.43,11.42,4.0,26.537098154260242,79.58279538234142,14280.628062806283,107156.84901823515,0.0,0.0,4.0,0.0,0.0,0.0,0.0,0.0,0.0,0.0,0.0,0.0,0.0,0.0,0.0,0.0,0.0,0.0,0.0,0.0,0.0,0.0,0.0,0.0,0.0,0.0,0.0
1761122227.995024,19.63333333333329,34.45736906333575,24672.26666666667,2662.6666666666665,76.34,27.14,4.0,20.35000000000006,50.79255205940212,19053.6,13979.466666666667,68.43,11.42,4.0,26.537098154260242,79.58279538234142,14280.62806280628,107156.84901823515,0.0,0.0,4.0,0.0,0.0,0.0,0.0,0.0,0.0,0.0,0.0,0.0,0.0,0.0,0.0,0.0,0.0,0.0,0.0,0.0,0.0,0.0,0.0,0.0,0.0,0.0,0.0
1761122233.284935,19.63333333333329,34.45736906333575,24672.266666666666,2662.6666666666665,76.34,27.14,4.0,20.35000000000006,50.79255205940212,19053.6,13979.466666666667,67.44,12.8,4.0,26.537098154260242,79.58279538234142,14280.62806280628,107156.84901823515,0.0,0.0,4.0,0.0,0.0,0.0,0.0,0.0,0.0,0.0,0.0,0.0,0.0,0.0,0.0,0.0,0.0,0.0,0.0,0.0,0.0,0.0,0.0,0.0,0.0,0.0,0.0
1761122238.794144,19.63333333333329,34.45736906333575,24672.266666666666,2662.6666666666665,71.58,37.11,4.0,20.35000000000006,50.79255205940212,19053.6,13979.466666666667,67.44,12.8,4.0,26.537098154260242,79.58279538234142,14280.62806280628,107156.84901823515,0.0,0.0,4.0,0.0,0.0,0.0,0.0,0.0,0.0,0.0,0.0,0.0,0.0,0.0,0.0,0.0,0.0,0.0,0.0,0.0,0.0,0.0,0.0,0.0,0.0,0.0,0.0
1761122243.998193,19.63333333333329,34.45736906333575,24672.266666666666,2662.6666666666665,71.58,37.11,4.0,20.35000000000006,50.79255205940212,19053.6,13979.466666666667,66.09,19.77,4.0,25.066666666666592,81.79295335591898,21748.533333333333,539556.2666666666,0.0,0.0,4.0,0.0,0.0,0.0,0.0,0.0,0.0,0.0,0.0,0.0,0.0,0.0,0.0,0.0,0.0,0.0,0.0,0.0,0.0,0.0,0.0,0.0,0.0,0.0,0.0
1761122249.422377,19.477403012931333,34.003187658409246,24823.62351686442,5497.933608852153,57.91,11.22,4.0,20.35000000000006,50.79255205940212,19053.6,13979.466666666667,66.09,19.77,4.0,25.066666666666606,81.79295335591898,21748.533333333333,539556.2666666666,0.0,0.0,4.0,0.0,0.0,0.0,0.0,0.0,0.0,0.0,0.0,0.0,0.0,0.0,0.0,0.0,0.0,0.0,0.0,0.0,0.0,0.0,0.0,0.0,0.0,0.0,0.0
1761122254.766539,19.477403012931333,34.003187658409246,24823.62351686442,5497.933608852153,57.91,11.22,4.0,23.033333333332855,50.72949797411401,19142.4,10760.8,65.7,23.49,4.0,25.066666666666592,81.79295335591898,21748.533333333333,539556.2666666666,0.0,0.0,4.0,0.0,0.0,0.0,0.0,0.0,0.0,0.0,0.0,0.0,0.0,0.0,0.0,0.0,0.0,0.0,0.0,0.0,0.0,0.0,0.0,0.0,0.0,0.0,0.0
1761122260.15493,19.477403012931333,34.003187658409246,24823.62351686442,5497.933608852153,60.49,11.55,4.0,23.033333333332855,50.72949797411401,19142.4,10760.8,65.7,23.49,4.0,25.066666666666606,81.79295335591898,21748.533333333333,539556.2666666666,0.0,0.0,4.0,0.0,0.0,0.0,0.0,0.0,0.0,0.0,0.0,0.0,0.0,0.0,0.0,0.0,0.0,0.0,0.0,0.0,0.0,0.0,0.0,0.0,0.0,0.0,0.0
1761122265.414408,19.477403012931333,34.003187658409246,24823.62351686442,5497.933608852153,60.49,11.55,4.0,23.033333333332855,50.72949797411401,19142.4,10760.8,63.35,19.04,4.0,25.066666666666606,81.79295335591898,21748.533333333333,539556.2666666666,0.0,0.0,4.0,0.0,0.0,0.0,0.0,0.0,0.0,0.0,0.0,0.0,0.0,0.0,0.0,0.0,0.0,0.0,0.0,0.0,0.0,0.0,0.0,0.0,0.0,0.0,0.0
1761122270.735393,19.477403012931333,34.003187658409246,24823.62351686442,5497.933608852153,59.15,15.92,4.0,23.033333333332855,50.72949797411401,19142.4,10760.8,63.35,19.04,4.0,25.066666666666606,81.79295335591898,21748.533333333333,539556.2666666666,0.0,0.0,4.0,0.0,0.0,0.0,0.0,0.0,0.0,0.0,0.0,0.0,0.0,0.0,0.0,0.0,0.0,0.0,0.0,0.0,0.0,0.0,0.0,0.0,0.0,0.0,0.0
1761122276.004929,18.302886859124143,34.00927936150963,24701.380092006137,2201.2134142276154,59.15,15.92,4.0,23.033333333332855,50.72949797411401,19142.4,10760.8,56.33,7.02,4.0,29.926893762637363,80.5514055689615,17643.89040730618,111460.56929538031,0.0,0.0,4.0,0.0,0.0,0.0,0.0,0.0,0.0,0.0,0.0,0.0,0.0,0.0,0.0,0.0,0.0,0.0,0.0,0.0,0.0,0.0,0.0,0.0,0.0,0.0,0.0
1761122281.251347,18.302886859124143,34.00927936150963,24701.380092006137,2201.2134142276154,63.02,17.42,4.0,23.033333333332855,50.72949797411401,19142.4,10760.8,56.33,7.02,4.0,29.926893762637363,80.5514055689615,17643.89040730618,111460.56929538031,0.0,0.0,4.0,0.0,0.0,0.0,0.0,0.0,0.0,0.0,0.0,0.0,0.0,0.0,0.0,0.0,0.0,0.0,0.0,0.0,0.0,0.0,0.0,0.0,0.0,0.0,0.0
1761122286.782349,18.302886859124143,34.00927936150963,24701.380092006137,2201.2134142276154,63.02,17.42,4.0,20.800000000000793,50.04366047861432,20672.8,26956.533333333333,56.88,15.45,4.0,29.926893762637363,80.5514055689615,17643.89040730618,111460.56929538031,0.0,0.0,4.0,0.0,0.0,0.0,0.0,0.0,0.0,0.0,0.0,0.0,0.0,0.0,0.0,0.0,0.0,0.0,0.0,0.0,0.0,0.0,0.0,0.0,0.0,0.0,0.0
1761122292.137915,18.302886859124143,34.00927936150963,24701.380092006137,2201.2134142276154,77.85,33.39,4.0,20.800000000000793,50.04366047861432,20672.8,26956.53333333334,58.04,14.23,4.0,29.926893762637363,80.5514055689615,17643.89040730618,111460.56929538031,0.0,0.0,4.0,0.0,0.0,0.0,0.0,0.0,0.0,0.0,0.0,0.0,0.0,0.0,0.0,0.0,0.0,0.0,0.0,0.0,0.0,0.0,0.0,0.0,0.0,0.0,0.0
1761122297.322997,18.302886859124143,34.00927936150963,24701.380092006137,2201.2134142276154,77.85,33.39,4.0,20.800000000000793,50.04366047861432,20672.8,26956.533333333333,58.04,14.23,4.0,29.926893762637363,80.5514055689615,17643.89040730618,111460.56929538031,0.0,0.0,4.0,0.0,0.0,0.0,0.0,0.0,0.0,0.0,0.0,0.0,0.0,0.0,0.0,0.0,0.0,0.0,0.0,0.0,0.0,0.0,0.0,0.0,0.0,0.0,0.0
1761122302.599431,18.302886859124143,34.00927936150963,24701.380092006137,2201.2134142276154,55.53,9.9,4.0,20.800000000000793,50.04366047861432,20672.8,26956.533333333333,69.64,16.21,4.0,24.772762628620384,80.22953017730998,16450.16334422295,112718.98126541771,0.0,0.0,4.0,0.0,0.0,0.0,0.0,0.0,0.0,0.0,0.0,0.0,0.0,0.0,0.0,0.0,0.0,0.0,0.0,0.0,0.0,0.0,0.0,0.0,0.0,0.0,0.0
1761122307.898958,17.769517967865212,34.44918021654506,25147.54316954464,5978.798586572439,55.53,9.9,4.0,20.800000000000793,50.04366047861432,20672.8,26956.533333333333,69.64,16.21,4.0,24.772762628620384,80.22953017730998,16450.16334422295,112718.98126541771,0.0,0.0,4.0,0.0,0.0,0.0,0.0,0.0,0.0,0.0,0.0,0.0,0.0,0.0,0.0,0.0,0.0,0.0,0.0,0.0,0.0,0.0,0.0,0.0,0.0,0.0,0.0
1761122313.15543,17.769517967865212,34.44918021654506,25147.54316954464,5978.798586572439,61.95,28.49,4.0,20.800000000000793,50.04366047861432,20672.8,26956.533333333333,56.34,9.11,4.0,24.772762628620384,80.22953017730998,16450.16334422295,112718.98126541771,0.0,0.0,4.0,15,3,24.8,-113.9,-2.3,6,0.1,69.5,0.0,0.0,0.0,0.0,0.0,0.0,0.0,0.0,0.0,0.0,0.0,0.0,0.0,0.0,0.0,0.0
1761122318.404636,17.769517967865212,34.44918021654506,25147.54316954464,5978.798586572439,61.95,28.49,4.0,21.366666666666184,50.066336080263675,19821.6,11252.533333333333,56.34,9.11,4.0,24.772762628620384,80.22953017730998,16450.16334422295,112718.98126541771,0.0,0.0,4.0,15,3601,26.8,-113.9,-2.3,0,0.0,69.5,0.0,0.0,0.0,0.0,0.0,0.0,0.0,0.0,0.0,0.0,0.0,0.0,0.0,0.0,0.0,0.0
1761122323.723896,17.769517967865212,34.44918021654506,25147.54316954464,5978.798586572439,56.65,11.58,4.0,21.366666666666184,50.066336080263675,19821.6,11252.533333333335,70.51,35.27,4.0,24.772762628620384,80.22953017730998,16450.16334422295,112718.98126541771,0.0,0.0,4.0,15,169,24.2,-117.8,-5.5,69,0,70.8,15,3,21.3,-102.7,11.8,5,9.6,74.2,0.0,0.0,0.0,0.0,0.0,0.0,0.0,0.0
1761122329.116223,17.769517967865212,34.44918021654506,25147.54316954464,5978.798586572439,56.65,11.58,4.0,21.366666666666184,50.066336080263675,19821.6,11252.533333333333,70.51,35.27,4.0,24.772762628620384,80.22953017730998,16450.16334422295,112718.98126541771,0.0,0.0,4.0,15,542762,23.1,-115.3,-2.9,251079,0,70.2,14,0,0.0,-102.7,11.8,0,0.0,74.2,0.0,0.0,0.0,0.0,0.0,0.0,0.0,0.0
1761122334.522774,25.46578675465802,34.67657051096407,352371.4295237143,343614.70519614697,59.24,9.14,4.0,21.366666666666184,50.066336080263675,19821.6,11252.533333333333,50.74,7.15,4.0,29.277777777777175,79.24858607580583,22624.0,554380.5333333333,0.0,0.0,4.0,15,2201356,23,-110.6,2.1,666438,0.5,66.8,15,94068,21.3,-122.6,-10.2,22643,0.1,71.6,0.0,0.0,0.0,0.0,0.0,0.0,0.0,0.0
1761122339.902768,25.46578675465802,34.67657051096407,352371.4295237143,343614.7051961471,59.24,9.14,4.0,21.366666666666184,50.066336080263675,19821.6,11252.533333333333,50.74,7.15,4.0,29.277777777777175,79.24858607580583,22624.0,554380.5333333333,0.0,0.0,4.0,15,522490,21.1,-107.4,5.2,361900,0.7,64,15,80789,27,-113.8,-1.9,21796,0.3,67.7,0.0,0.0,0.0,0.0,0.0,0.0,0.0,0.0
1761122345.434415,25.46578675465802,34.67657051096407,352371.4295237143,343614.7051961471,59.89,11.76,4.0,20.838610759282716,50.49398997101899,20376.50823278448,34923.80507966135,58.35,9.38,4.0,29.277777777777175,79.24858607580583,22624.0,554380.5333333333,0.0,0.0,4.0,14,444905,20.6,-105.8,6.6,110129,0.8,72.2,15,2255,27,-114,-2.1,0,0.0,69.6,0.0,0.0,0.0,0.0,0.0,0.0,0.0,0.0
1761122350.675819,25.46578675465802,34.67657051096407,352371.4295237143,343614.7051961471,59.89,11.76,4.0,20.838610759282716,50.49398997101899,20376.50823278448,34923.80507966135,58.35,9.38,4.0,29.277777777777175,79.24858607580583,22624.0,554380.5333333333,0.0,0.0,4.0,15,1308839,12.8,-107.1,4.9,36376,0,68.3,15,2311,26.5,-114,-2.1,0,0.0,69.6,0.0,0.0,0.0,0.0,0.0,0.0,0.0,0.0
1761122356.270989,25.46578675465802,34.67657051096407,352371.4295237143,343614.7051961471,54.59,15.8,4.0,20.838610759282716,50.49398997101899,20376.50823278448,34923.80507966135,54.63,6.13,4.0,29.277777777777175,79.24858607580583,22624.0,554380.5333333333,0.0,0.0,4.0,14,1133294,22.1,-103.8,9.9,50064,5.1,72.7,0.0,0.0,0.0,0.0,0.0,0.0,0.0,0.0,0.0,0.0,0.0,0.0,0.0,0.0,0.0,0.0
1761122361.456331,25.46578675465802,34.67657051096407,352371.4295237143,343614.7051961471,54.59,15.8,4.0,20.838610759282716,50.49398997101899,20376.50823278448,34923.80507966135,54.63,6.13,4.0,27.75352902631061,77.79795853815259,596664.1122180389,137432.7124912538,0.0,0.0,4.0,5,1260641,5.5,-114,-1.6,20973,0,73,0.0,0.0,0.0,0.0,0.0,0.0,0.0,0.0,0.0,0.0,0.0,0.0,0.0,0.0,0.0,0.0
1761122366.890463,29.584625129179017,34.63422818121718,1439791.7125045836,1409191.852518585,54.72,9.96,4.0,20.838610759282716,50.49398997101899,20376.50823278448,34923.80507966135,54.42,8.64,4.0,27.75352902631061,77.79795853815259,596664.1122180389,137432.7124912538,0.0,0.0,4.0,15,1196867,9.6,-113.5,0.4,58200,0,74.2,0.0,0.0,0.0,0.0,0.0,0.0,0.0,0.0,0.0,0.0,0.0,0.0,0.0,0.0,0.0,0.0
1761122372.310057,29.584625129179017,34.63422818121718,1439791.7125045836,1409191.852518585,54.72,9.96,4.0,20.838610759282716,50.49398997101899,20376.50823278448,34923.80507966135,54.42,8.64,4.0,27.753529026310616,77.79795853815259,596664.1122180389,137432.71249125383,0.0,0.0,4.0,13,1111664,8.8,-114.3,-1.5,39262,0,74.7,0.0,0.0,0.0,0.0,0.0,0.0,0.0,0.0,0.0,0.0,0.0,0.0,0.0,0.0,0.0,0.0
1761122377.480952,29.584625129179017,34.63422818121718,1439791.7125045836,1409191.852518585,61.22,12.18,4.0,26.457354264573368,50.45818638946738,19694.030596940305,17933.40665933407,61.25,22.41,4.0,27.753529026310616,77.79795853815259,596664.1122180389,137432.7124912538,0.0,0.0,4.0,0,1084335,7.9,-114.5,-2.6,27174,0,72.3,0.0,0.0,0.0,0.0,0.0,0.0,0.0,0.0,0.0,0.0,0.0,0.0,0.0,0.0,0.0,0.0
1761122382.803194,29.584625129179017,34.63422818121718,1439791.7125045836,1409191.852518585,61.22,12.18,4.0,26.457354264573368,50.45818638946738,19694.030596940305,17933.40665933407,61.25,22.41,4.0,27.753529026310616,77.79795853815259,596664.1122180389,137432.7124912538,0.0,0.0,4.0,15,18,25.6,-116.8,-3.8,6,0.1,68.1,5,403,16.2,-112.5,0.4,15,1,71.8,5,137,2,-101.7,15.6,0,0.0,0.0
1761122388.013156,29.584625129179017,34.63422818121718,1439791.7125045836,1409191.852518585,64.82,12.37,4.0,26.457354264573368,50.45818638946738,19694.030596940305,17933.40665933407,67.16,12.35,4.0,27.753529026310616,77.79795853815259,596664.1122180389,137432.7124912538,0.0,0.0,4.0,15,3676,26.8,-116.8,-3.8,0,0.0,68.1,14,1265576,12.4,-110.9,1.8,31836,0,70.6,5,0,2,-101.7,15.6,0,0.0,0.0
1761122393.370701,29.584625129179017,34.63422818121718,1439791.7125045836,1409191.852518585,64.82,12.37,4.0,26.457354264573368,50.45818638946738,19694.030596940305,17933.40665933407,67.16,12.35,4.0,28.056194636168108,79.11331088030333,1153908.305825081,561945.9171084658,0.0,0.0,4.0,15,5229,26.7,-110.2,1.9,397,0,67.9,14,1017150,12.5,-114.5,-2.4,38770,0,72.4,0.0,0.0,0.0,0.0,0.0,0.0,0.0,0.0
1761122398.765097,26.04999999999943,34.41023326229676,1174556.8,1126880.2666666666,67.1,25.19,4.0,26.457354264573368,50.45818638946738,19694.030596940305,17933.40665933407,66.16,15.86,4.0,28.056194636168108,79.11331088030333,1153908.3058250807,561945.9171084659,0.0,0.0,4.0,15,3865,26.6,-110.2,1.9,0,0.0,67.9,10,1274095,11.7,-111.5,1.2,58330,0,72.1,0.0,0.0,0.0,0.0,0.0,0.0,0.0,0.0
1761122404.107846,26.04999999999943,34.41023326229676,1174556.8,1126880.2666666666,58.15,12.31,4.0,26.457354264573368,50.45818638946738,19694.030596940305,17933.40665933407,66.16,15.86,4.0,28.056194636168108,79.11331088030333,1153908.3058250807,561945.9171084658,0.0,0.0,4.0,13,1221957,14.2,-111.6,1.4,36952,0,71.7,0.0,0.0,0.0,0.0,0.0,0.0,0.0,0.0,0.0,0.0,0.0,0.0,0.0,0.0,0.0,0.0
1761122409.366193,26.04999999999943,34.41023326229676,1174556.8,1126880.2666666666,58.15,12.31,4.0,21.80363393899008,50.33008913102719,20279.91331888648,32385.93098849808,64.17,22.43,4.0,28.056194636168108,79.11331088030333,1153908.3058250807,561945.9171084658,0.0,0.0,4.0,13,1165184,12.3,-109.9,2.6,37117,0,70.4,0.0,0.0,0.0,0.0,0.0,0.0,0.0,0.0,0.0,0.0,0.0,0.0,0.0,0.0,0.0,0.0
1761122414.678479,26.04999999999943,34.41023326229676,1174556.8,1126880.2666666666,58.15,12.31,4.0,21.80363393899008,50.33008913102719,20279.91331888648,32385.93098849808,64.17,22.43,4.0,28.056194636168108,79.11331088030333,1153908.3058250807,561945.9171084658,0.0,0.0,4.0,6,1524662,7.3,-111.9,0.8,26248,0,72.8,0.0,0.0,0.0,0.0,0.0,0.0,0.0,0.0,0.0,0.0,0.0,0.0,0.0,0.0,0.0,0.0
1761122419.97855,26.04999999999943,34.41023326229676,1174556.8,1126880.2666666666,62.96,15.09,4.0,21.80363393899008,50.33008913102719,20279.91331888648,32385.93098849808,64.62,22.92,4.0,28.056194636168108,79.11331088030333,1153908.3058250807,561945.9171084658,0.0,0.0,4.0,0,252707,5,-115.6,-2.9,3278,0,76.4,0.0,0.0,0.0,0.0,0.0,0.0,0.0,0.0,0.0,0.0,0.0,0.0,0.0,0.0,0.0,0.0
1761122425.257737,25.695717380437113,34.52028337404455,1113156.607232128,1069946.2089651725,61.79,14.03,4.0,21.80363393899008,50.33008913102719,20279.91331888648,32385.93098849808,64.62,22.92,4.0,30.668533582257076,79.07929314731668,1101996.2661688225,132551.5402053607,0.0,0.0,4.0,5,0,0.0,-115.7,0.4,0,2,0.0,5,0,0.0,-105.5,11,0,0.0,0.0,0,0,0.0,-115.6,-2.9,0,0.0,76.4
1761122430.562269,25.695717380437113,34.52028337404455,1113156.607232128,1069946.2089651725,61.79,14.03,4.0,21.80363393899008,50.33008913102719,20279.91331888648,32385.93098849808,66.66,21.05,4.0,30.668533582257076,79.07929314731668,1101996.2661688225,132551.5402053607,0.0,0.0,4.0,5,0,0.0,-115.7,0.4,0,0.0,0.0,0.0,0.0,0.0,0.0,0.0,0.0,0.0,0.0,0.0,0.0,0.0,0.0,0.0,0.0,0.0,0.0
1761122435.854044,25.695717380437113,34.52028337404455,1113156.607232128,1069946.2089651725,72.8,29.92,4.0,22.183333333333984,50.80707240080916,19163.2,14617.866666666667,66.66,21.05,4.0,30.668533582257076,79.07929314731668,1101996.2661688225,132551.5402053607,0.0,0.0,4.0,0.0,0.0,0.0,0.0,0.0,0.0,0.0,0.0,0.0,0.0,0.0,0.0,0.0,0.0,0.0,0.0,0.0,0.0,0.0,0.0,0.0,0.0,0.0,0.0
1761122441.227215,25.695717380437113,34.52028337404455,1113156.607232128,1069946.2089651725,72.8,29.92,4.0,22.183333333333998,50.80707240080916,19163.2,14617.866666666667,61.4,23.4,4.0,30.668533582257076,79.07929314731668,1101996.2661688225,132551.5402053607,0.0,0.0,4.0,5,0,6,-108.4,8.1,0,0.0,0.0,5,0,6,-108.8,8.7,0,0.0,0.0,0.0,0.0,0.0,0.0,0.0,0.0,0.0,0.0
1761122446.625098,25.695717380437113,34.52028337404455,1113156.607232128,1069946.2089651725,70.57,16.49,4.0,22.183333333333998,50.80707240080916,19163.2,14617.866666666667,61.4,23.4,4.0,30.668533582257076,79.07929314731668,1101996.2661688225,132551.5402053607,0.0,0.0,4.0,15,5,23,-112.1,-0.3,1,0.3,67.9,5,0,0.0,-108.4,8.1,0,0.0,0.0,0.0,0.0,0.0,0.0,0.0,0.0,0.0,0.0
1761122451.884193,25.695717380437113,34.52028337404455,1113156.607232128,1069946.2089651725,70.57,16.49,4.0,22.183333333333998,50.80707240080916,19163.2,14617.866666666667,59.54,13.31,4.0,25.76050485523119,78.25172724541905,159698.15345643624,543909.0727284849,0.0,0.0,4.0,14,703,21.3,-110.6,1.6,18,0.7,76.3,15,5103,26.9,-122.7,-10.6,405,0,69.3,0.0,0.0,0.0,0.0,0.0,0.0,0.0,0.0
1761122457.116222,20.978496416069003,33.84070895440409,262729.9216536089,236552.75879313218,63.15,34.88,4.0,22.183333333333998,50.80707240080916,19163.2,14617.866666666667,59.54,13.31,4.0,25.76050485523119,78.25172724541905,159698.15345643624,543909.0727284848,0.0,0.0,4.0,15,1304730,19.7,-115.5,-2.8,58163,2.3,76.5,15,3817,26.6,-122.7,-10.6,0,0.0,69.3,0.0,0.0,0.0,0.0,0.0,0.0,0.0,0.0
1761122994.543539,28.383333333333674,34.8478372456714,1803001.3333333337,1739659.4666666666,69.79,26.8,4.0,20.27463920274615,51.07241672186385,19369.529713695298,18061.127220611274,66.87,11.62,4.0,26.96157078462923,80.87527030172336,1145500.9331718017,111184.30961658098,0.0,0.0,4.0,14,2525431,22.4,-99.7,12.9,83006,3,68.5,18817,6908,13,0,2388,625,26,1,1,1,2.78,5,0.0,0.0,0.0,0.0,0.0,0.0,0.0,0.0,0.0,0.0,0.0,0.0,0.0,0.0,0.0,0.0,0.0,0.0,0.0,0.0,0.0,0.0,0.0,0.0,0.0,0.0,0.0,0.0,0.0,0.0,0.0,0.0,0.0,0.0,0.0,0.0,0.0,0.0,0.0,0.0
1761122999.902584,28.383333333333674,34.8478372456714,1803001.3333333333,1739659.4666666666,59.7,11.62,4.0,20.27463920274615,51.07241672186385,19369.529713695298,18061.127220611274,66.87,11.62,4.0,26.96157078462923,80.87527030172336,1145500.9331718017,111184.30961658098,0.0,0.0,4.0,14,1551465,22.7,-107.7,5.2,122662,4.2,68.7,714,272,0,0,64,20,28,1,1,1,2.251,5,0.0,0.0,0.0,0.0,0.0,0.0,0.0,0.0,0.0,0.0,0.0,0.0,0.0,0.0,0.0,0.0,0.0,0.0,0.0,0.0,0.0,0.0,0.0,0.0,0.0,0.0,0.0,0.0,0.0,0.0,0.0,0.0,0.0,0.0,0.0,0.0,0.0,0.0,0.0,0.0
1761123005.322143,28.383333333333674,34.8478372456714,1803001.3333333333,1739659.4666666666,59.7,11.62,4.0,21.506836032192837,51.133083901715196,19881.961278645074,26545.39577879052,57.62,15.43,4.0,26.96157078462923,80.87527030172336,1145500.9331718017,111184.30961658098,0.0,0.0,4.0,15,1091079,22.8,-103.5,8.1,133289,4.3,71.1,482,224,0,0,43,21,28,1,1,1,2.593,5,0.0,0.0,0.0,0.0,0.0,0.0,0.0,0.0,0.0,0.0,0.0,0.0,0.0,0.0,0.0,0.0,0.0,0.0,0.0,0.0,0.0,0.0,0.0,0.0,0.0,0.0,0.0,0.0,0.0,0.0,0.0,0.0,0.0,0.0,0.0,0.0,0.0,0.0,0.0,0.0
1761123010.844338,28.383333333333674,34.8478372456714,1803001.3333333333,1739659.4666666666,62.64,16.58,4.0,21.506836032192858,51.133083901715196,19881.961278645074,26545.39577879052,57.62,15.43,4.0,26.96157078462923,80.87527030172336,1145500.9331718017,111184.30961658098,0.0,0.0,4.0,15,1368678,23.3,-106.1,6.7,36141,4.1,65.9,484,178,0,0,48,13,32,1,1,1,2.565,5,0.0,0.0,0.0,0.0,0.0,0.0,0.0,0.0,0.0,0.0,0.0,0.0,0.0,0.0,0.0,0.0,0.0,0.0,0.0,0.0,0.0,0.0,0.0,0.0,0.0,0.0,0.0,0.0,0.0,0.0,0.0,0.0,0.0,0.0,0.0,0.0,0.0,0.0,0.0,0.0
1761123016.062192,28.383333333333674,34.8478372456714,1803001.3333333333,1739659.4666666666,62.64,16.58,4.0,21.506836032192858,51.133083901715196,19881.961278645074,26545.39577879052,61.65,25.5,4.0,26.96157078462923,80.87527030172336,1145500.9331718017,111184.30961658098,0.0,0.0,4.0,15,1396021,23.4,-109.1,5.2,45095,4.1,68,585,209,0,0,59,17,30,1,1,1,2.991,5,0.0,0.0,0.0,0.0,0.0,0.0,0.0,0.0,0.0,0.0,0.0,0.0,0.0,0.0,0.0,0.0,0.0,0.0,0.0,0.0,0.0,0.0,0.0,0.0,0.0,0.0,0.0,0.0,0.0,0.0,0.0,0.0,0.0,0.0,0.0,0.0,0.0,0.0,0.0,0.0
1761123021.271132,28.383333333333674,34.8478372456714,1803001.3333333333,1739659.4666666666,60.12,18.14,4.0,21.506836032192858,51.133083901715196,19881.961278645074,26545.39577879052,61.65,25.5,4.0,0.0,0.0,0.0,0.0,0.0,0.0,0.0,15,1324600,23,-107.1,4.4,44693,3.3,67.5,73,24,0,0,6,7,30,1,1,2,3.129,5,0.0,0.0,0.0,0.0,0.0,0.0,0.0,0.0,0.0,0.0,0.0,0.0,0.0,0.0,0.0,0.0,0.0,0.0,0.0,0.0,0.0,0.0,0.0,0.0,0.0,0.0,0.0,0.0,0.0,0.0,0.0,0.0,0.0,0.0,0.0,0.0,0.0,0.0,0.0,0.0
1761123026.743795,26.236336976806225,34.31356492457273,1374403.6256998132,1323329.5121300984,60.12,18.14,4.0,21.506836032192858,51.133083901715196,19881.961278645074,26545.39577879052,75.21,27.68,4.0,31.676737501980107,81.57790558189222,1267481.5669767126,146957.15934550884,0.0,0.0,4.0,14,778393,9,-114.5,-1.5,25644,0,73.1,72,23,40,0,262,39,28,1,1,3,4.661,5,0.0,0.0,0.0,0.0,0.0,0.0,0.0,0.0,0.0,0.0,0.0,0.0,0.0,0.0,0.0,0.0,0.0,0.0,0.0,0.0,0.0,0.0,0.0,0.0,0.0,0.0,0.0,0.0,0.0,0.0,0.0,0.0,0.0,0.0,0.0,0.0,0.0,0.0,0.0,0.0
1761123032.042334,26.236336976806225,34.31356492457273,1374403.6256998132,1323329.5121300984,66.47,16.67,4.0,21.506836032192858,51.133083901715196,19881.961278645074,26545.39577879052,75.21,27.68,4.0,31.676737501980107,81.57790558189222,1267481.5669767126,146957.15934550884,0.0,0.0,4.0,15,2713,26.5,-114.9,-2,0,0.0,83.8,2,0,0,0,0,0,38,1,0.0,0.0,0.0,0.0,14,1249643,17.3,-114.4,-2.1,131457,0,71.7,144,100,2,0,62,46,28,1,1,2,3.815,5,0.0,0.0,0.0,0.0,0.0,0.0,0.0,0.0,0.0,0.0,0.0,0.0,0.0,0.0,0.0,0.0,0.0,0.0,0.0,0.0
1761123037.590198,26.236336976806225,34.31356492457273,1374403.6256998132,1323329.5121300984,66.47,16.67,4.0,19.075641819809093,51.06187455618477,20573.749053616903,16131.048248330924,65.21,21.85,4.0,31.676737501980107,81.57790558189222,1267481.5669767126,146957.15934550884,0.0,0.0,4.0,13,1301448,18.4,-111.5,1,34686,0,71,177,48,0,0,80,24,28,1,1,1,3.875,5,0.0,0.0,0.0,0.0,0.0,0.0,0.0,0.0,0.0,0.0,0.0,0.0,0.0,0.0,0.0,0.0,0.0,0.0,0.0,0.0,0.0,0.0,0.0,0.0,0.0,0.0,0.0,0.0,0.0,0.0,0.0,0.0,0.0,0.0,0.0,0.0,0.0,0.0,0.0,0.0
1761123043.009399,26.236336976806225,34.31356492457273,1374403.6256998132,1323329.5121300984,63.95,11.76,4.0,19.075641819809093,51.06187455618477,20573.749053616903,16131.048248330924,56.81,16.51,4.0,31.676737501980107,81.57790558189222,1267481.5669767126,146957.15934550884,0.0,0.0,4.0,15,1206359,10.7,-116.5,-4.1,31268,0,73.8,252,55,21,0,332,80,26,1,1,2,4.193,5,0.0,0.0,0.0,0.0,0.0,0.0,0.0,0.0,0.0,0.0,0.0,0.0,0.0,0.0,0.0,0.0,0.0,0.0,0.0,0.0,0.0,0.0,0.0,0.0,0.0,0.0,0.0,0.0,0.0,0.0,0.0,0.0,0.0,0.0,0.0,0.0,0.0,0.0,0.0,0.0
1761123048.354436,26.236336976806225,34.31356492457273,1374403.6256998132,1323329.5121300984,63.95,11.76,4.0,19.075641819809093,51.06187455618477,20573.749053616903,16131.048248330928,56.81,16.51,4.0,31.676737501980107,81.57790558189222,1267481.5669767126,146957.15934550884,0.0,0.0,4.0,9,1311774,20,-110.6,2.3,40557,0,71.3,225,81,0,0,48,9,26,1,1,2,3.178,5,0.0,0.0,0.0,0.0,0.0,0.0,0.0,0.0,0.0,0.0,0.0,0.0,0.0,0.0,0.0,0.0,0.0,0.0,0.0,0.0,0.0,0.0,0.0,0.0,0.0,0.0,0.0,0.0,0.0,0.0,0.0,0.0,0.0,0.0,0.0,0.0,0.0,0.0,0.0,0.0
1761123053.784257,26.236336976806225,34.31356492457273,1374403.6256998132,1323329.5121300984,70.65,23.77,4.0,19.075641819809093,51.06187455618477,20573.749053616903,16131.048248330924,61.96,19.24,4.0,28.18803133855554,82.79180152741611,1219779.5632605434,532493.8156359394,0.0,0.0,4.0,11,44542,19.7,-106.2,7.5,39691,3.4,66.6,40,34,0,0,7,0,38,1,1,1,1.861,3,3,1251460,14,-108.4,3.7,40493,0,72.9,293,97,4,0,165,0,19,1,1,1,1.722,3,0.0,0.0,0.0,0.0,0.0,0.0,0.0,0.0,0.0,0.0,0.0,0.0,0.0,0.0,0.0,0.0,0.0,0.0,0.0,0.0
1761123059.227776,27.027072081081975,34.05431801885831,1364074.4148829766,1308157.0980862838,70.65,23.77,4.0,19.075641819809093,51.06187455618477,20573.749053616903,16131.048248330924,61.96,19.24,4.0,28.18803133855554,82.79180152741611,1219779.5632605434,532493.8156359392,0.0,0.0,4.0,15,2012148,26.1,-101.9,10.8,399179,6.7,68.2,369,167,0,0,15,9,38,1,1,1,2.746,5,14,1231216,20.2,-108.6,3.9,34319,0.4,73.3,226,91,1,0,51,17,22,1,1,1,2.713,5,0.0,0.0,0.0,0.0,0.0,0.0,0.0,0.0,0.0,0.0,0.0,0.0,0.0,0.0,0.0,0.0,0.0,0.0,0.0,0.0
1761123064.504926,27.027072081081975,34.05431801885831,1364074.4148829766,1308157.0980862838,69.39,18.06,4.0,19.088015171526543,50.46335801791372,19707.27081851739,15147.685326289411,54.15,7.6,4.0,28.18803133855554,82.79180152741611,1219779.5632605436,532493.8156359392,0.0,0.0,4.0,15,17389,26.8,-111,1.7,43617,0.1,63.9,26,83,0,0,1,0,38,1,1,1,2.072,4,14,1405021,15.8,-110,1.4,37326,0,72.2,353,101,0,0,170,90,24,1,1,2,3.916,5,0.0,0.0,0.0,0.0,0.0,0.0,0.0,0.0,0.0,0.0,0.0,0.0,0.0,0.0,0.0,0.0,0.0,0.0,0.0,0.0
1761123069.67454,27.027072081081975,34.05431801885831,1364074.4148829766,1308157.0980862838,69.39,18.06,4.0,19.100000000000065,50.46335801791372,18868.0,14195.199999999999,54.15,7.6,4.0,28.18803133855554,82.79180152741611,1219779.5632605434,532493.8156359392,0.0,0.0,4.0,15,13501,26.8,-111.3,1.1,17925,0,67.4,17,38,0,0,0,0,38,1,1,2,2.368,3,14,1280902,21.6,-114.1,-1.7,41998,0,78.1,304,118,0,0,45,28,21,1,1,1,4.007,5,0.0,0.0,0.0,0.0,0.0,0.0,0.0,0.0,0.0,0.0,0.0,0.0,0.0,0.0,0.0,0.0,0.0,0.0,0.0,0.0
1761123075.023058,27.027072081081975,34.05431801885831,1364074.4148829766,1308157.0980862838,54.4,14.21,4.0,19.100000000000065,50.46335801791372,18868.0,14195.199999999999,58.45,14.56,4.0,28.18803133855554,82.79180152741611,1219779.5632605434,532493.8156359392,0.0,0.0,4.0,15,2263809,26.9,-111.9,0.6,38601,0.9,69.2,317,86,0,0,0,12,38,1,1,2,3.265,5,14,1209132,21.3,-114.2,-2.5,42399,0,77.9,306,127,0,0,43,2,20,1,1,1,2.597,5,0.0,0.0,0.0,0.0,0.0,0.0,0.0,0.0,0.0,0.0,0.0,0.0,0.0,0.0,0.0,0.0,0.0,0.0,0.0,0.0
1761123080.225442,27.027072081081975,34.05431801885831,1364074.4148829766,1308157.0980862838,54.4,14.21,4.0,19.100000000000065,50.46335801791372,18868.0,14195.199999999999,58.45,14.56,4.0,28.18803133855554,82.79180152741611,1219779.5632605434,532493.8156359392,0.0,0.0,4.0,14,7382,26.6,-107.7,5.1,8419,2.2,67.5,12,10,0,0,3,1,38,1,1,2,3,5,15,1300377,14.5,-117.6,-5.3,37416,0,72.7,410,113,25,0,319,49,26,1,1,1,3.617,5,0.0,0.0,0.0,0.0,0.0,0.0,0.0,0.0,0.0,0.0,0.0,0.0,0.0,0.0,0.0,0.0,0.0,0.0,0.0,0.0
1761123085.578461,29.19527968531308,34.861518611650936,2760925.9283952266,2669838.255883726,64.95,15.59,4.0,19.100000000000065,50.46335801791372,18868.0,14195.199999999999,64.69,26.88,4.0,28.505570922339686,80.59696148038807,1214085.513380211,126664.04505615358,0.0,0.0,4.0,15,3926,26.9,-107.7,5.1,0,0.0,67.5,7,0,0,0,0,0,38,1,0.0,0.0,0.0,0.0,14,1249024,12.6,-113.6,-0.8,28610,0,70.6,480,94,38,2,424,176,28,1,1,2,4.344,5,0.0,0.0,0.0,0.0,0.0,0.0,0.0,0.0,0.0,0.0,0.0,0.0,0.0,0.0,0.0,0.0,0.0,0.0,0.0,0.0
1761123090.942948,29.19527968531308,34.861518611650936,2760925.9283952266,2669838.255883726,64.95,15.59,4.0,19.100000000000065,50.46335801791372,18868.0,14195.199999999999,64.69,26.88,4.0,28.5055709223397,80.59696148038807,1214085.513380211,126664.04505615355,0.0,0.0,4.0,15,33969,26.8,-109.8,2.2,26634,1.1,70.5,29,52,0,0,0,4,38,1,1,2,2.911,5,5,1216310,10.6,-112.7,0.1,31285,0,73.5,505,110,27,3,407,174,28,1,1,2,4.211,5,0.0,0.0,0.0,0.0,0.0,0.0,0.0,0.0,0.0,0.0,0.0,0.0,0.0,0.0,0.0,0.0,0.0,0.0,0.0,0.0
1761123096.214356,29.19527968531308,34.861518611650936,2760925.9283952266,2669838.255883726,61.1,14.11,4.0,23.64999999999933,50.90513443250329,19669.866666666665,11283.733333333334,65.26,33.5,4.0,28.5055709223397,80.59696148038807,1214085.513380211,126664.04505615355,0.0,0.0,4.0,14,3061,26.3,-109.1,4.9,0,0.0,69.9,7,0,0,0,2,0,38,1,0.0,0.0,0.0,0.0,14,1363396,14.1,-106.5,5.6,35567,0,70.7,478,134,33,0,404,97,28,1,1,1,3.861,5,0.0,0.0,0.0,0.0,0.0,0.0,0.0,0.0,0.0,0.0,0.0,0.0,0.0,0.0,0.0,0.0,0.0,0.0,0.0,0.0
1761123101.541754,29.19527968531308,34.861518611650936,2760925.9283952266,2669838.255883726,61.1,14.11,4.0,23.64999999999933,50.90513443250329,19669.866666666665,11283.733333333334,65.26,33.5,4.0,28.5055709223397,80.59696148038807,1214085.513380211,126664.04505615355,0.0,0.0,4.0,13,3297,23.9,-109.1,4.9,0,0.0,69.9,8,0,0,0,3,0,38,1,0.0,0.0,0.0,0.0,14,1222203,20.8,-110.2,2.1,36983,0,69.3,395,147,0,0,99,0,26,1,1,1,2.531,4,0.0,0.0,0.0,0.0,0.0,0.0,0.0,0.0,0.0,0.0,0.0,0.0,0.0,0.0,0.0,0.0,0.0,0.0,0.0,0.0
1761123106.805023,29.19527968531308,34.861518611650936,2760925.9283952266,2669838.255883726,78.84,42.04,4.0,23.64999999999933,50.90513443250329,19669.866666666672,11283.733333333334,57.8,16.66,4.0,28.5055709223397,80.59696148038807,1214085.513380211,126664.04505615355,0.0,0.0,4.0,13,595,25.9,-109.4,3.8,194,3,69.7,305,267,0,0,19,22,38,1,1,1,3.313,5,13,1246500,21.1,-111.4,0.8,43291,0.2,70.7,438,178,0,0,66,8,26,1,1,1,2.263,5,0.0,0.0,0.0,0.0,0.0,0.0,0.0,0.0,0.0,0.0,0.0,0.0,0.0,0.0,0.0,0.0,0.0,0.0,0.0,0.0
1761123112.416635,29.19527968531308,34.861518611650936,2760925.9283952266,2669838.255883726,78.84,42.04,4.0,23.64999999999933,50.90513443250329,19669.866666666665,11283.733333333334,57.8,16.66,4.0,30.005890263285146,78.50119062065454,1206280.6654886138,545686.79358517,0.0,0.0,4.0,12,10051,23.7,-110.5,3.4,31680,2.9,69,27,38,0,0,4,3,38,1,1,2,3.854,5,14,1389864,20.7,-112.4,0.1,40130,0.7,73.6,522,184,0,0,110,23,26,1,1,1,3.092,5,0.0,0.0,0.0,0.0,0.0,0.0,0.0,0.0,0.0,0.0,0.0,0.0,0.0,0.0,0.0,0.0,0.0,0.0,0.0,0.0
1761123117.752733,26.975000000000666,34.41482700561835,1473374.9333333333,1414325.8666666667,68.62,20.01,4.0,23.64999999999933,50.90513443250329,19669.866666666665,11283.733333333334,63.38,19.61,4.0,30.005890263285146,78.50119062065454,1206280.665488614,545686.79358517,0.0,0.0,4.0,13,0,0.0,-110.2,4.3,0,0.0,71.2,0,0,0,0,0,0,38,1,0.0,0.0,0.0,0.0,12,695849,19,-114.6,-2.5,40150,0,73.7,2,2,0,0,0,0,26,1,1,4,4,4,0.0,0.0,0.0,0.0,0.0,0.0,0.0,0.0,0.0,0.0,0.0,0.0,0.0,0.0,0.0,0.0,0.0,0.0,0.0,0.0
1761123123.02616,26.97500000000065,34.41482700561835,1473374.9333333333,1414325.8666666667,68.62,20.01,4.0,23.64999999999933,50.90513443250329,19669.866666666665,11283.733333333334,63.38,19.61,4.0,30.005890263285146,78.50119062065454,1206280.665488614,545686.79358517,0.0,0.0,4.0,14,0,0.0,-110.1,3.4,0,0.0,67.9,0,0,0,0,0,0,38,1,0.0,0.0,0.0,0.0,15,1200432,21.5,-113,-0.4,38342,0,72.5,21,8,0,0,1,0,26,1,1,2,3,4,0.0,0.0,0.0,0.0,0.0,0.0,0.0,0.0,0.0,0.0,0.0,0.0,0.0,0.0,0.0,0.0,0.0,0.0,0.0,0.0
1761123128.402245,26.975000000000666,34.41482700561835,1473374.9333333333,1414325.8666666667,70.88,21.31,4.0,23.924274239243346,51.0135397210901,19003.166350031664,13594.640535946406,45.88,7.72,4.0,30.005890263285146,78.50119062065454,1206280.665488614,545686.79358517,0.0,0.0,4.0,13,21631,26.7,-108.4,6,45983,2.2,68.9,6,12,0,0,1,0,38,1,1,2,2.75,3,15,1163059,22.3,-110.4,2.1,37807,0,70.2,65,21,0,0,14,9,24,1,1,1,3.3,5,0.0,0.0,0.0,0.0,0.0,0.0,0.0,0.0,0.0,0.0,0.0,0.0,0.0,0.0,0.0,0.0,0.0,0.0,0.0,0.0
1761123133.704976,26.975000000000666,34.41482700561835,1473374.9333333333,1414325.8666666667,70.88,21.31,4.0,23.924274239243367,51.0135397210901,19003.166350031664,13594.640535946406,45.88,7.72,4.0,30.005890263285146,78.50119062065454,1206280.665488614,545686.79358517,0.0,0.0,4.0,15,2456,25,-110,3.2,0,0.0,69.4,1,0,0,0,0,0,38,1,0.0,0.0,0.0,0.0,15,2377242,23.9,-109.6,2.6,40223,0,72.3,117,31,0,0,10,0,22,1,1,1,1.806,2,0.0,0.0,0.0,0.0,0.0,0.0,0.0,0.0,0.0,0.0,0.0,0.0,0.0,0.0,0.0,0.0,0.0,0.0,0.0,0.0
1761123139.022852,26.975000000000666,34.41482700561835,1473374.9333333333,1414325.8666666667,62.61,16.27,4.0,23.924274239243346,51.0135397210901,19003.166350031664,13594.640535946406,62.73,13.97,4.0,30.005890263285146,78.50119062065454,1206280.665488614,545686.79358517,0.0,0.0,4.0,15,4191,25,-109.2,4.6,0,0.0,69.4,3,0,0,0,2,0,30,1,0.0,0.0,0.0,0.0,13,28790,22.2,-111.5,0.4,59731,0.9,68.4,16,36,0,0,2,0,38,1,1,2,2.833,5,15,1060762,23.3,-108.2,4.4,41190,1.1,71.3,108,44,0,0,8,5,22,1,1,1,2.286,5
1761123144.335664,27.82388427823817,34.97406532303003,1301429.8570142987,1249408.3924940838,62.61,16.27,4.0,23.924274239243346,51.0135397210901,19003.166350031664,13594.640535946406,62.73,13.97,4.0,32.38355191620563,78.9279042888205,1209597.230543905,126225.95033619597,0.0,0.0,4.0,14,1404,10.3,-109.2,4.6,0,0.0,69.4,3,0,0,0,0,0,30,1,0.0,0.0,0.0,0.0,14,3866,25.7,-111.4,1.5,0,0.0,67.1,3,0,0,0,1,0,38,1,0.0,0.0,0.0,0.0,15,1501494,23.1,-104.8,8.1,38818,2.1,67.2,130,47,0,0,16,8,30,1,1,1,2.636,5
1761123149.710242,27.82388427823817,34.97406532303003,1301429.8570142984,1249408.3924940838,64.57,17.47,4.0,23.924274239243346,51.0135397210901,19003.166350031664,13594.640535946406,58.62,12.63,4.0,32.38355191620565,78.9279042888205,1209597.230543905,126225.95033619597,0.0,0.0,4.0,15,17123,26.9,-110.7,3.7,27292,1.7,70.3,10,15,0,0,0,3,38,1,1,2,3.167,5,15,1167662,23.2,-107.5,6.2,44213,2.5,69.1,144,58,0,0,17,4,30,1,1,1,2.355,5,0.0,0.0,0.0,0.0,0.0,0.0,0.0,0.0,0.0,0.0,0.0,0.0,0.0,0.0,0.0,0.0,0.0,0.0,0.0,0.0
1761123154.954796,27.82388427823817,34.97406532303003,1301429.8570142987,1249408.3924940838,64.57,17.47,4.0,20.508717538419667,50.27220667418542,19950.79507950795,11699.5699569957,58.62,12.63,4.0,32.38355191620565,78.9279042888205,1209597.230543905,126225.95033619597,0.0,0.0,4.0,15,4154,27,-110.7,3.7,0,0.0,70.3,2,0,0,0,0,0,38,1,0.0,0.0,0.0,0.0,15,1718432,23.8,-109.2,3.3,45189,0.4,71,142,44,0,0,12,0,24,1,1,1,2.159,3,0.0,0.0,0.0,0.0,0.0,0.0,0.0,0.0,0.0,0.0,0.0,0.0,0.0,0.0,0.0,0.0,0.0,0.0,0.0,0.0
1761123160.238527,27.82388427823817,34.97406532303003,1301429.8570142987,1249408.3924940838,67.54,27.76,4.0,20.508717538419667,50.27220667418542,19950.79507950795,11699.5699569957,79.64,33.39,4.0,32.38355191620565,78.9279042888205,1209597.230543905,126225.95033619597,0.0,0.0,4.0,15,903030,23.1,-108.5,3.4,40469,0,72.1,110,48,0,0,18,2,24,1,1,2,2.18,5,0.0,0.0,0.0,0.0,0.0,0.0,0.0,0.0,0.0,0.0,0.0,0.0,0.0,0.0,0.0,0.0,0.0,0.0,0.0,0.0,0.0,0.0,0.0,0.0,0.0,0.0,0.0,0.0,0.0,0.0,0.0,0.0,0.0,0.0,0.0,0.0,0.0,0.0,0.0,0.0
1761123165.705313,27.82388427823817,34.97406532303003,1301429.8570142987,1249408.3924940838,67.54,27.76,4.0,20.508717538419667,50.27220667418542,19950.79507950795,11699.5699569957,79.64,33.39,4.0,32.38355191620565,78.9279042888205,1209597.230543905,126225.95033619597,0.0,0.0,4.0,15,4022,27,-114.6,-2.4,0,0.0,85.3,3,0,0,0,0,0,38,1,0.0,0.0,0.0,0.0,13,1110684,21.8,-108.9,3.1,39252,0,73.6,139,60,0,0,13,0,21,1,1,1,1.7,2,0.0,0.0,0.0,0.0,0.0,0.0,0.0,0.0,0.0,0.0,0.0,0.0,0.0,0.0,0.0,0.0,0.0,0.0,0.0,0.0
1761123170.956812,27.82388427823817,34.97406532303003,1301429.8570142987,1249408.3924940838,54.88,13.05,4.0,20.508717538419667,50.27220667418542,19950.79507950795,11699.5699569957,67.83,16.99,4.0,32.38355191620565,78.9279042888205,1209597.230543905,126225.95033619597,0.0,0.0,4.0,15,4029,26.8,-114.6,-2.4,0,0.0,85.3,4,0,0,0,0,0,38,1,0.0,0.0,0.0,0.0,14,1533394,21.4,-107.7,4.9,43466,1.3,70.2,194,73,0,0,17,6,30,1,1,1,2.924,5,0.0,0.0,0.0,0.0,0.0,0.0,0.0,0.0,0.0,0.0,0.0,0.0,0.0,0.0,0.0,0.0,0.0,0.0,0.0,0.0
1761123176.23343,26.153974337610304,34.50839955979956,1248631.0948175304,1200088.5185802367,64.08,27.5,4.0,20.508717538419667,50.27220667418542,19950.79507950795,11699.5699569957,67.83,16.99,4.0,28.19947927097966,79.11649382607986,1227555.6445690633,549317.0438614059,0.0,0.0,4.0,15,1351147,21.6,-109.7,2.1,45283,2.8,73,211,80,0,0,22,5,26,1,1,1,2.918,5,0.0,0.0,0.0,0.0,0.0,0.0,0.0,0.0,0.0,0.0,0.0,0.0,0.0,0.0,0.0,0.0,0.0,0.0,0.0,0.0,0.0,0.0,0.0,0.0,0.0,0.0,0.0,0.0,0.0,0.0,0.0,0.0,0.0,0.0,0.0,0.0,0.0,0.0,0.0,0.0
1761123181.458515,26.153974337610304,34.50839955979956,1248631.0948175304,1200088.5185802367,64.08,27.5,4.0,20.508717538419667,50.27220667418542,19950.79507950795,11699.5699569957,58.82,10.64,4.0,28.19947927097966,79.11649382607986,1227555.6445690633,549317.0438614059,0.0,0.0,4.0,13,1656066,21.5,-106.1,7.5,45144,3,72.6,243,83,0,0,29,6,28,1,1,2,3.506,5,0.0,0.0,0.0,0.0,0.0,0.0,0.0,0.0,0.0,0.0,0.0,0.0,0.0,0.0,0.0,0.0,0.0,0.0,0.0,0.0,0.0,0.0,0.0,0.0,0.0,0.0,0.0,0.0,0.0,0.0,0.0,0.0,0.0,0.0,0.0,0.0,0.0,0.0,0.0,0.0
1761123186.642865,26.153974337610304,34.50839955979956,1248631.0948175304,1200088.5185802367,67.53,15.25,4.0,19.530078320281532,50.49975832582453,20923.979336777204,27005.099150141643,58.82,10.64,4.0,28.19947927097966,79.11649382607986,1227555.6445690633,549317.0438614059,0.0,0.0,4.0,14,1333910,21.8,-110.8,1.7,46957,2,75.6,206,80,0,0,20,10,22,1,1,2,3.356,5,0.0,0.0,0.0,0.0,0.0,0.0,0.0,0.0,0.0,0.0,0.0,0.0,0.0,0.0,0.0,0.0,0.0,0.0,0.0,0.0,0.0,0.0,0.0,0.0,0.0,0.0,0.0,0.0,0.0,0.0,0.0,0.0,0.0,0.0,0.0,0.0,0.0,0.0,0.0,0.0
1761123191.931138,26.153974337610304,34.50839955979956,1248631.0948175304,1200088.5185802367,67.53,15.25,4.0,19.530078320281532,50.49975832582453,20923.979336777204,27005.09915014164,65.91,22.65,4.0,28.19947927097966,79.11649382607986,1227555.6445690633,549317.0438614059,0.0,0.0,4.0,15,24,25.5,-114.4,-2,20,0,71.6,49,108,0,0,1,81,38,1,1,2,4.148,5,14,1249217,21.8,-106.7,5.4,39349,1.7,72,204,81,0,0,17,9,28,1,1,1,2.667,5,0.0,0.0,0.0,0.0,0.0,0.0,0.0,0.0,0.0,0.0,0.0,0.0,0.0,0.0,0.0,0.0,0.0,0.0,0.0,0.0
1761123197.171388,26.153974337610304,34.50839955979956,1248631.0948175304,1200088.5185802367,65.34,19.0,4.0,19.530078320281532,50.49975832582453,20923.979336777204,27005.099150141643,65.91,22.65,4.0,28.19947927097966,79.11649382607986,1227555.6445690633,549317.0438614059,0.0,0.0,4.0,15,12257,26.8,-114.7,-2.4,20089,0,70.8,13,35,0,0,0,32,38,1,1,2,4.104,5,11,1078591,21.3,-107.1,5.6,35941,3.7,69,189,75,0,0,18,13,30,1,1,1,2.886,5,0.0,0.0,0.0,0.0,0.0,0.0,0.0,0.0,0.0,0.0,0.0,0.0,0.0,0.0,0.0,0.0,0.0,0.0,0.0,0.0
1761123202.44665,26.153974337610304,34.50839955979956,1248631.0948175304,1200088.5185802367,65.34,19.0,4.0,19.530078320281532,50.49975832582453,20923.979336777204,27005.099150141643,70.78,21.61,4.0,29.600000000000364,80.56831496839932,1208854.4,123842.13333333333,0.0,0.0,4.0,15,3820,26.8,-114.7,-2.4,0,0.0,70.8,5,0,0,0,0,0,38,1,0.0,0.0,0.0,0.0,14,1532511,15.4,-108,4.8,40149,0,71,369,93,6,0,186,58,24,1,1,1,3.927,5,0.0,0.0,0.0,0.0,0.0,0.0,0.0,0.0,0.0,0.0,0.0,0.0,0.0,0.0,0.0,0.0,0.0,0.0,0.0,0.0
1761123207.734924,26.226912049076304,34.946602727085704,1285640.3280656133,1227021.9377208774,61.8,24.91,4.0,19.530078320281532,50.49975832582453,20923.979336777204,27005.099150141643,70.78,21.61,4.0,29.600000000000364,80.56831496839932,1208854.4,123842.13333333333,0.0,0.0,4.0,15,3511,26.8,-116.9,-4.8,0,0.0,70.9,5,0,0,0,0,0,38,1,0.0,0.0,0.0,0.0,14,1424548,21,-109.8,3,38738,0.1,74.9,261,98,0,0,28,0,21,1,1,1,2.031,4,0.0,0.0,0.0,0.0,0.0,0.0,0.0,0.0,0.0,0.0,0.0,0.0,0.0,0.0,0.0,0.0,0.0,0.0,0.0,0.0
1761123213.004286,26.226912049076304,34.946602727085704,1285640.328065613,1227021.9377208774,61.8,24.91,4.0,19.530078320281532,50.49975832582453,20923.979336777204,27005.099150141643,54.55,10.94,4.0,29.600000000000364,80.56831496839932,1208854.4,123842.13333333333,0.0,0.0,4.0,5,0,5.3,-103.3,9.9,0,2,0.0,5,85,1,24,7,225,0.0,1,1,1,4.465,5,15,5441,26.7,-115.5,-3.2,368,0,71.3,8,1,0,0,0,1,38,1,1,4,4.5,5,14,1327201,22,-107.1,4.2,43833,1.1,73.4,272,118,0,0,29,0,24,1,1,1,2.237,5
1761123218.393363,26.226912049076304,34.946602727085704,1285640.328065613,1227021.9377208774,73.59,14.31,4.0,20.60343390564926,50.98111758890725,19324.554092348724,10852.74212368728,54.55,10.94,4.0,29.600000000000364,80.56831496839932,1208854.4,123842.13333333333,0.0,0.0,4.0,15,3479,26.8,-118.7,-6.8,0,0.0,71.3,5,0,0,0,0,0,38,1,0.0,0.0,0.0,0.0,14,1295967,20.7,-113.7,-1.1,41632,0,75.7,268,107,0,0,32,3,22,1,1,1,2.982,5,0.0,0.0,0.0,0.0,0.0,0.0,0.0,0.0,0.0,0.0,0.0,0.0,0.0,0.0,0.0,0.0,0.0,0.0,0.0,0.0
1761123223.714631,26.226912049076304,34.946602727085704,1285640.328065613,1227021.9377208774,73.59,14.31,4.0,20.603433905649233,50.98111758890725,19324.554092348724,10852.74212368728,68.85,25.03,4.0,29.600000000000364,80.56831496839932,1208854.4,123842.13333333333,0.0,0.0,4.0,15,5307,26.6,-116,-3.5,359,0,72.2,8,1,0,0,0,1,38,1,1,3,4,5,14,1212006,20.3,-110.4,1.2,42462,0.7,74.3,286,118,0,0,25,14,22,1,1,1,2.508,5,0.0,0.0,0.0,0.0,0.0,0.0,0.0,0.0,0.0,0.0,0.0,0.0,0.0,0.0,0.0,0.0,0.0,0.0,0.0,0.0
1761123229.009279,26.226912049076304,34.946602727085704,1285640.328065613,1227021.9377208774,71.98,17.12,4.0,20.60343390564926,50.98111758890725,19324.554092348724,10852.74212368728,68.85,25.03,4.0,29.600000000000364,80.56831496839932,1208854.4,123842.13333333333,0.0,0.0,4.0,15,6116,26.8,-113.8,-1.4,694,0,70,10,2,0,0,0,0,38,1,1,3,3,3,15,1432709,20.5,-107.1,5.6,42893,0,73.9,341,124,0,0,55,16,24,1,1,1,3.464,5,0.0,0.0,0.0,0.0,0.0,0.0,0.0,0.0,0.0,0.0,0.0,0.0,0.0,0.0,0.0,0.0,0.0,0.0,0.0,0.0
1761123234.163922,0.0,0.0,0.0,0.0,0.0,0.0,0.0,20.60343390564926,50.98111758890725,19324.554092348724,10852.74212368728,65.27,9.77,4.0,26.938204119725107,79.29732493300894,1219362.7091527232,547370.7086194254,0.0,0.0,4.0,15,3098,26.3,-115.2,-2.7,0,0.0,69.2,6,0,0,0,0,0,38,1,0.0,0.0,0.0,0.0,14,1407675,19.3,-114.5,-2.9,42387,0,74.9,380,129,0,0,90,29,24,1,1,1,3.456,5,0.0,0.0,0.0,0.0,0.0,0.0,0.0,0.0,0.0,0.0,0.0,0.0,0.0,0.0,0.0,0.0,0.0,0.0,0.0,0.0
1761123239.482833,25.41330577961527,34.760655986546325,1280693.5537630825,1225416.1722551829,65.51,25.43,4.0,20.60343390564926,50.98111758890725,19324.554092348724,10852.74212368728,65.27,9.77,4.0,26.938204119725107,79.29732493300894,1219362.7091527232,547370.7086194253,0.0,0.0,4.0,14,1379629,20.8,-112.2,0.1,37843,0,74.1,347,123,0,0,92,39,22,1,1,1,3.549,5,0.0,0.0,0.0,0.0,0.0,0.0,0.0,0.0,0.0,0.0,0.0,0.0,0.0,0.0,0.0,0.0,0.0,0.0,0.0,0.0,0.0,0.0,0.0,0.0,0.0,0.0,0.0,0.0,0.0,0.0,0.0,0.0,0.0,0.0,0.0,0.0,0.0,0.0,0.0,0.0
1761123244.74664,25.41330577961527,34.760655986546325,1280693.5537630825,1225416.1722551829,65.51,25.43,4.0,24.450000000000124,50.81343748197389,19176.8,13930.133333333337,68.73,21.84,4.0,26.938204119725107,79.29732493300894,1219362.7091527232,547370.7086194253,0.0,0.0,4.0,14,1356359,21.2,-111.7,0.1,42755,0,74.9,371,141,0,0,63,43,22,1,1,1,3.397,5,0.0,0.0,0.0,0.0,0.0,0.0,0.0,0.0,0.0,0.0,0.0,0.0,0.0,0.0,0.0,0.0,0.0,0.0,0.0,0.0,0.0,0.0,0.0,0.0,0.0,0.0,0.0,0.0,0.0,0.0,0.0,0.0,0.0,0.0,0.0,0.0,0.0,0.0,0.0,0.0
1761123250.180342,25.41330577961527,34.760655986546325,1280693.5537630825,1225416.1722551829,56.59,12.88,4.0,24.45000000000011,50.81343748197389,19176.8,13930.133333333333,68.73,21.84,4.0,26.938204119725107,79.29732493300894,1219362.7091527232,547370.7086194253,0.0,0.0,4.0,15,5,24.5,-114.8,-2,0,0.9,86.5,19,8,0,0,0,7,38,1,1,3,4.2,5,13,3957,25.4,-112.4,0.3,0,0.0,68.8,8,0,0,0,4,0,28,1,0.0,0.0,0.0,0.0,13,1152770,20.6,-109.8,2.7,43415,0,73.7,375,156,0,0,65,0,20,1,1,1,2.359,5
1761123255.505689,25.41330577961527,34.760655986546325,1280693.5537630825,1225416.1722551829,56.59,12.88,4.0,24.450000000000124,50.81343748197389,19176.8,13930.133333333333,82.02,49.41,4.0,26.938204119725107,79.29732493300894,1219362.7091527232,547370.7086194253,0.0,0.0,4.0,15,21761,26.7,-112.3,-0.6,33808,0,70.5,37,95,0,0,1,81,38,1,1,3,4.091,5,15,2363,19.4,-112.4,0.3,0,0.0,68.8,7,0,0,0,1,0,28,1,0.0,0.0,0.0,0.0,14,1531942,21,-106.4,6,36572,1.5,70,375,136,0,0,43,9,28,1,1,1,2.29,5
1761123260.71375,25.41330577961527,34.760655986546325,1280693.5537630825,1225416.1722551829,55.62,8.64,4.0,24.450000000000124,50.81343748197389,19176.8,13930.133333333333,82.02,49.41,4.0,26.938204119725107,79.29732493300894,1219362.7091527232,547370.7086194253,0.0,0.0,4.0,14,3552,26.5,-112.1,0.5,0,0.0,70.5,8,0,0,0,0,0,38,1,0.0,0.0,0.0,0.0,14,1286989,21.7,-106.9,8,40625,3.4,70.4,386,146,0,0,36,10,30,1,1,1,2.994,5,0.0,0.0,0.0,0.0,0.0,0.0,0.0,0.0,0.0,0.0,0.0,0.0,0.0,0.0,0.0,0.0,0.0,0.0,0.0,0.0
1761123265.959863,27.03193759167874,34.682562350079195,1276821.4428590478,1239054.807307641,55.62,8.64,4.0,24.450000000000124,50.81343748197389,19176.8,13930.133333333333,66.14,15.7,4.0,30.03978042980639,80.70697204378938,1199309.2872858192,139248.74991666112,0.0,0.0,4.0,14,1304395,21.3,-110.4,2.2,41816,1.9,72.9,431,161,0,0,46,14,24,1,1,1,2.703,5,0.0,0.0,0.0,0.0,0.0,0.0,0.0,0.0,0.0,0.0,0.0,0.0,0.0,0.0,0.0,0.0,0.0,0.0,0.0,0.0,0.0,0.0,0.0,0.0,0.0,0.0,0.0,0.0,0.0,0.0,0.0,0.0,0.0,0.0,0.0,0.0,0.0,0.0,0.0,0.0
1761123271.158049,27.03193759167874,34.682562350079195,1276821.4428590478,1239054.807307641,65.92,35.31,4.0,24.450000000000124,50.81343748197389,19176.8,13930.133333333333,66.14,15.7,4.0,30.03978042980639,80.70697204378938,1199309.2872858192,139248.74991666112,0.0,0.0,4.0,13,1296614,21.3,-112.1,0.2,44115,1.3,71.3,451,176,0,0,49,20,28,1,1,2,2.837,5,0.0,0.0,0.0,0.0,0.0,0.0,0.0,0.0,0.0,0.0,0.0,0.0,0.0,0.0,0.0,0.0,0.0,0.0,0.0,0.0,0.0,0.0,0.0,0.0,0.0,0.0,0.0,0.0,0.0,0.0,0.0,0.0,0.0,0.0,0.0,0.0,0.0,0.0,0.0,0.0
1761123276.532622,27.03193759167874,34.682562350079195,1276821.4428590478,1239054.807307641,65.92,35.31,4.0,20.0500000000011,50.05360591793421,20312.8,37858.4,58.43,8.74,4.0,30.03978042980639,80.70697204378938,1199309.2872858192,139248.74991666112,0.0,0.0,4.0,13,1214601,21.3,-112.8,-0.6,38561,0.9,75.2,410,164,0,0,51,15,22,1,1,1,2.877,5,0.0,0.0,0.0,0.0,0.0,0.0,0.0,0.0,0.0,0.0,0.0,0.0,0.0,0.0,0.0,0.0,0.0,0.0,0.0,0.0,0.0,0.0,0.0,0.0,0.0,0.0,0.0,0.0,0.0,0.0,0.0,0.0,0.0,0.0,0.0,0.0,0.0,0.0,0.0,0.0
1761123281.745453,27.03193759167874,34.682562350079195,1276821.4428590478,1239054.807307641,65.88,23.24,4.0,20.0500000000011,50.05360591793421,20312.8,37858.4,58.43,8.74,4.0,30.03978042980639,80.70697204378938,1199309.2872858192,139248.74991666112,0.0,0.0,4.0,14,1271827,21.7,-108.6,4.7,46081,1.8,66.6,494,206,0,0,50,19,32,1,1,1,3.053,5,0.0,0.0,0.0,0.0,0.0,0.0,0.0,0.0,0.0,0.0,0.0,0.0,0.0,0.0,0.0,0.0,0.0,0.0,0.0,0.0,0.0,0.0,0.0,0.0,0.0,0.0,0.0,0.0,0.0,0.0,0.0,0.0,0.0,0.0,0.0,0.0,0.0,0.0,0.0,0.0
1761123287.266264,27.03193759167874,34.682562350079195,1276821.4428590478,1239054.807307641,65.88,23.24,4.0,20.0500000000011,50.05360591793421,20312.8,37858.4,70.07,21.32,4.0,30.03978042980639,80.70697204378938,1199309.2872858192,139248.74991666112,0.0,0.0,4.0,14,2472000,21,-112.2,0,57513,0,74.2,9,2,0,0,5,0,24,1,1,3,3,3,0.0,0.0,0.0,0.0,0.0,0.0,0.0,0.0,0.0,0.0,0.0,0.0,0.0,0.0,0.0,0.0,0.0,0.0,0.0,0.0,0.0,0.0,0.0,0.0,0.0,0.0,0.0,0.0,0.0,0.0,0.0,0.0,0.0,0.0,0.0,0.0,0.0,0.0,0.0,0.0
1761123292.506098,27.03193759167874,34.682562350079195,1276821.4428590478,1239054.807307641,63.48,17.18,4.0,20.0500000000011,50.05360591793421,20312.8,37858.4,70.07,21.32,4.0,28.288888888888913,80.98030751234883,1218248.8000000003,551317.6,0.0,0.0,4.0,13,1178027,21.1,-107.5,5,45647,3.2,73.9,22,9,0,0,1,1,24,1,1,1,3.1,5,0.0,0.0,0.0,0.0,0.0,0.0,0.0,0.0,0.0,0.0,0.0,0.0,0.0,0.0,0.0,0.0,0.0,0.0,0.0,0.0,0.0,0.0,0.0,0.0,0.0,0.0,0.0,0.0,0.0,0.0,0.0,0.0,0.0,0.0,0.0,0.0,0.0,0.0,0.0,0.0
1761123297.778498,26.22499999999944,34.69145024476663,1264359.4666666666,1215070.9333333333,63.48,17.18,4.0,20.0500000000011,50.05360591793421,20312.8,37858.4,65.53,25.07,4.0,28.288888888888927,80.98030751234883,1218248.8,551317.6,0.0,0.0,4.0,13,741866,19.8,-114.5,-3,39135,0,75.2,36,16,0,0,8,15,24,1,1,2,4.097,5,0.0,0.0,0.0,0.0,0.0,0.0,0.0,0.0,0.0,0.0,0.0,0.0,0.0,0.0,0.0,0.0,0.0,0.0,0.0,0.0,0.0,0.0,0.0,0.0,0.0,0.0,0.0,0.0,0.0,0.0,0.0,0.0,0.0,0.0,0.0,0.0,0.0,0.0,0.0,0.0
1761123303.018363,26.224999999999454,34.69145024476663,1264359.4666666666,1215070.9333333333,62.47,11.73,4.0,20.0500000000011,50.05360591793421,20312.8,37858.4,65.53,25.07,4.0,28.288888888888927,80.98030751234883,1218248.8,551317.6,0.0,0.0,4.0,15,14063,26.5,-115.2,-2.2,3529,0,71,4,2,0,0,0,2,38,1,1,4,4.5,5,13,1162945,20.8,-116.2,-3.2,37479,0,74.9,58,22,0,0,8,20,22,1,1,1,3.762,5,0.0,0.0,0.0,0.0,0.0,0.0,0.0,0.0,0.0,0.0,0.0,0.0,0.0,0.0,0.0,0.0,0.0,0.0,0.0,0.0
1761123308.339962,26.224999999999454,34.69145024476663,1264359.4666666666,1215070.9333333333,62.47,11.73,4.0,21.291204212911254,49.9270999297852,19261.540512615407,14525.214145252141,54.8,10.79,4.0,28.288888888888927,80.98030751234883,1218248.8,551317.6,0.0,0.0,4.0,15,4969,27,-116.8,-4.6,0,0.0,71.9,2,0,0,0,0,0,38,1,0.0,0.0,0.0,0.0,13,1079168,20.5,-112.6,0.6,43390,0,76.5,74,36,0,0,7,14,22,1,1,1,3.68,5,0.0,0.0,0.0,0.0,0.0,0.0,0.0,0.0,0.0,0.0,0.0,0.0,0.0,0.0,0.0,0.0,0.0,0.0,0.0,0.0
1761123313.599146,26.224999999999454,34.69145024476663,1264359.4666666666,1215070.9333333333,64.75,26.07,4.0,21.291204212911254,49.9270999297852,19261.540512615407,14525.214145252141,54.8,10.79,4.0,28.288888888888927,80.98030751234883,1218248.8,551317.6,0.0,0.0,4.0,15,4138,27,-116.8,-4.6,0,0.0,71.9,2,0,0,0,0,0,38,1,0.0,0.0,0.0,0.0,13,1114823,20.1,-107.9,3.8,39900,0,77.2,96,39,0,0,9,7,22,1,1,2,3.826,5,0.0,0.0,0.0,0.0,0.0,0.0,0.0,0.0,0.0,0.0,0.0,0.0,0.0,0.0,0.0,0.0,0.0,0.0,0.0,0.0
1761123318.800977,26.224999999999454,34.69145024476663,1264359.4666666666,1215070.9333333333,64.75,26.07,4.0,21.291204212911254,49.9270999297852,19261.540512615407,14525.214145252141,63.04,17.11,4.0,28.288888888888927,80.98030751234883,1218248.8,551317.6,0.0,0.0,4.0,15,5688,27,-113.6,-1,0,0.0,69.7,3,0,0,0,0,0,38,1,0.0,0.0,0.0,0.0,13,1723348,18.3,-108.7,3.6,37497,0,79,135,40,0,0,34,20,22,1,1,2,4.05,5,0.0,0.0,0.0,0.0,0.0,0.0,0.0,0.0,0.0,0.0,0.0,0.0,0.0,0.0,0.0,0.0,0.0,0.0,0.0,0.0
1761123326.235581,23.68333333333339,34.60776422512538,1303025.8666666667,1250663.4666666666,80.88,32.46,4.0,21.291204212911254,49.9270999297852,19261.540512615407,14525.214145252141,56.25,16.01,4.0,24.51111111111055,79.38465700775247,1224216.0,127200.8,0.0,0.0,4.0,13,1263352,20,-116.3,-3.8,43435,0,76.8,359,153,0,0,58,89,22,1,1,1,3.917,5,0.0,0.0,0.0,0.0,0.0,0.0,0.0,0.0,0.0,0.0,0.0,0.0,0.0,0.0,0.0,0.0,0.0,0.0,0.0,0.0,0.0,0.0,0.0,0.0,0.0,0.0,0.0,0.0,0.0,0.0,0.0,0.0,0.0,0.0,0.0,0.0,0.0,0.0,0.0,0.0
1761123331.798119,23.68333333333339,34.60776422512538,1303025.8666666667,1250663.4666666666,80.88,32.46,4.0,21.291204212911254,49.9270999297852,19261.540512615407,14525.214145252141,56.25,16.01,4.0,24.51111111111055,79.38465700775247,1224216.0,127200.8,0.0,0.0,4.0,15,28,21.8,-115.2,-2.4,26,0.6,69.9,40,160,0,9,6,240,38,1,1,2,4.455,5,12,1166844,18.7,-114.8,-2.8,38250,0.1,69.5,397,159,0,0,45,3,38,1,1,1,3.142,5,0.0,0.0,0.0,0.0,0.0,0.0,0.0,0.0,0.0,0.0,0.0,0.0,0.0,0.0,0.0,0.0,0.0,0.0,0.0,0.0
1761123337.10359,23.68333333333339,34.60776422512538,1303025.8666666667,1250663.4666666666,64.58,22.78,4.0,18.100000000000968,50.648144280477304,19204.8,10465.333333333334,66.79,31.62,4.0,24.51111111111055,79.38465700775247,1224216.0,127200.8,0.0,0.0,4.0,15,32046,26.8,-115.8,-3.5,28126,0,71.3,40,90,0,0,1,86,38,1,1,3,4.494,5,14,1100686,18.7,-114,-1.1,40148,0,72.5,436,173,0,0,63,57,22,1,1,1,3.643,5,0.0,0.0,0.0,0.0,0.0,0.0,0.0,0.0,0.0,0.0,0.0,0.0,0.0,0.0,0.0,0.0,0.0,0.0,0.0,0.0
1761123342.358852,23.68333333333339,34.60776422512538,1303025.8666666667,1250663.4666666666,64.58,22.78,4.0,18.100000000000968,50.648144280477304,19204.8,10465.333333333334,66.79,31.62,4.0,24.51111111111055,79.38465700775247,1224216.0,127200.8,0.0,0.0,4.0,15,3723,26.6,-115.8,-3.5,0,0.0,71.3,9,0,0,0,0,0,38,1,0.0,0.0,0.0,0.0,13,1384641,17.2,-112.9,-0.7,39537,0,77.5,523,166,8,0,201,118,22,1,1,1,3.961,5,0.0,0.0,0.0,0.0,0.0,0.0,0.0,0.0,0.0,0.0,0.0,0.0,0.0,0.0,0.0,0.0,0.0,0.0,0.0,0.0
1761123347.50919,23.68333333333339,34.60776422512538,1303025.8666666667,1250663.4666666666,77.34,35.84,4.0,18.100000000000968,50.648144280477304,19204.8,10465.333333333334,73.62,39.18,4.0,24.51111111111055,79.38465700775247,1224216.0,127200.8,0.0,0.0,4.0,13,1232998,17.1,-110.3,2.3,38824,0,78.8,502,168,5,0,147,135,22,1,1,1,3.954,5,0.0,0.0,0.0,0.0,0.0,0.0,0.0,0.0,0.0,0.0,0.0,0.0,0.0,0.0,0.0,0.0,0.0,0.0,0.0,0.0,0.0,0.0,0.0,0.0,0.0,0.0,0.0,0.0,0.0,0.0,0.0,0.0,0.0,0.0,0.0,0.0,0.0,0.0,0.0,0.0
1761123352.858303,23.68333333333339,34.60776422512538,1303025.8666666667,1250663.4666666666,77.34,35.84,4.0,18.100000000000968,50.648144280477304,19204.8,10465.333333333334,73.62,39.18,4.0,26.07777777777806,79.34427338321274,1198664.5333333332,546623.4666666667,0.0,0.0,4.0,15,2,21.8,-114.9,-3.1,1,0.2,88.4,9,9,0,0,1,11,38,1,1,3,4.55,5,5,0,5.1,-116.1,-1.9,0,2.1,0.0,10,74,1,46,9,347,0.0,1,1,2,4.713,5,4,1398906,19.3,-113.2,-1.2,40041,0,77.5,500,184,0,0,85,7,22,1,1,1,3.188,5
1761123358.19907,25.266666666667184,34.300083286563705,1287072.5333333337,1231726.9333333333,62.11,15.24,4.0,18.100000000000968,50.648144280477304,19204.8,10465.333333333334,71.53,19.62,4.0,26.07777777777806,79.34427338321274,1198664.5333333332,546623.4666666667,0.0,0.0,4.0,15,3733,26.6,-114.9,-3.1,0,0.0,88.4,10,0,0,0,0,0,38,1,0.0,0.0,0.0,0.0,5,0,0.0,-116.1,-1.9,0,0.0,0.0,0,0,0,0,0,0,0.0,1,0.0,0.0,0.0,0.0,13,1212198,19.1,-112.5,0,29857,0,75.2,435,140,0,0,94,96,22,1,1,1,3.924,5
1761123363.45382,25.266666666667184,34.300083286563705,1287072.5333333332,1231726.9333333333,62.11,15.24,4.0,18.100000000000968,50.648144280477304,19204.8,10465.333333333334,71.53,19.62,4.0,26.07777777777806,79.34427338321274,1198664.5333333332,546623.4666666667,0.0,0.0,4.0,5,0,6,-129.8,-17.1,0,2.7,0.0,2,3,0,7,3,50,0.0,1,1,1,4.868,5,13,1299438,20,-109.9,2.8,40206,0,74,540,200,0,0,89,38,21,1,1,1,3.143,5,0.0,0.0,0.0,0.0,0.0,0.0,0.0,0.0,0.0,0.0,0.0,0.0,0.0,0.0,0.0,0.0,0.0,0.0,0.0,0.0
1761123368.694351,25.266666666667184,34.300083286563705,1287072.5333333332,1231726.9333333333,53.22,17.23,4.0,21.487603305783793,50.97614486924731,21066.115702479336,31725.40655825113,74.84,43.21,4.0,26.07777777777806,79.34427338321274,1198664.5333333332,546623.4666666667,0.0,0.0,4.0,15,39557,18.3,-118,-3.8,39891,0.3,70.5,75,189,0,20,10,604,38,1,1,2,4.855,5,14,1294507,18.8,-114.5,-2.5,32419,0.2,77.3,543,233,0,0,104,117,22,1,1,1,3.303,5,0.0,0.0,0.0,0.0,0.0,0.0,0.0,0.0,0.0,0.0,0.0,0.0,0.0,0.0,0.0,0.0,0.0,0.0,0.0,0.0
1761123374.023269,25.266666666667184,34.300083286563705,1287072.5333333332,1231726.9333333333,53.22,17.23,4.0,21.487603305783793,50.97614486924731,21066.115702479336,31725.40655825113,74.84,43.21,4.0,26.07777777777806,79.34427338321274,1198664.5333333332,546623.4666666667,0.0,0.0,4.0,15,0,14.4,-108.3,7.5,0,4,62.8,4,5,0,0,1,5,36,1,1,1,3.8,5,15,3700,25,-118,-3.8,0,0.0,70.5,11,0,0,0,0,0,38,1,0.0,0.0,0.0,0.0,15,1422877,18.5,-118,-5.8,37074,0,78.1,598,186,0,0,173,132,24,1,1,1,3.868,5
1761123379.282406,25.266666666667184,34.300083286563705,1287072.5333333332,1231726.9333333333,73.32,25.99,4.0,21.487603305783793,50.97614486924731,21066.115702479336,31725.40655825113,66.24,35.4,4.0,26.07777777777806,79.34427338321274,1198664.5333333332,546623.4666666667,0.0,0.0,4.0,15,1262207,24,-99.4,12.5,709611,4.8,63.4,931,732,0,0,95,71,26,1,1,1,2.831,5,15,18293,21,-117.9,-5.5,15666,0.1,73.9,42,79,0,17,8,287,38,1,1,3,4.883,5,14,1270640,19.6,-107,5.5,38580,0.1,74,564,226,0,0,81,67,24,1,1,1,3.273,5
1761123384.538161,30.100000000000655,35.103988367843,2046958.4,1990845.5999999999,73.32,25.99,4.0,21.487603305783793,50.97614486924731,21066.115702479336,31725.40655825113,66.24,35.4,4.0,28.522222222222304,79.86488395178633,1223213.0666666667,134627.73333333334,0.0,0.0,4.0,15,1997161,24.3,-103,10,601644,5.3,62.2,1012,588,0,0,100,48,36,1,1,1,2.596,5,15,3553,23.9,-117.9,-5.5,0,0.0,73.9,11,0,0,0,0,0,38,1,0.0,0.0,0.0,0.0,13,1230744,19.9,-112.8,0.1,52150,0,76.6,534,241,0,0,74,101,22,1,1,1,3.737,5
1761123389.754471,30.10000000000067,35.103988367843,2046958.4,1990845.5999999999,61.29,19.42,4.0,21.487603305783793,50.97614486924731,21066.115702479336,31725.40655825113,77.77,23.52,4.0,28.522222222222304,79.86488395178633,1223213.0666666667,134627.73333333334,0.0,0.0,4.0,15,1130166,22.4,-112.3,0,217273,4.6,67.9,600,341,0,0,70,29,32,1,1,1,2.6,5,14,1314223,20.5,-107.4,4.8,37509,0,74,517,187,0,0,78,46,24,1,1,1,3.712,5,0.0,0.0,0.0,0.0,0.0,0.0,0.0,0.0,0.0,0.0,0.0,0.0,0.0,0.0,0.0,0.0,0.0,0.0,0.0,0.0
1761123395.072228,30.10000000000067,35.103988367843,2046958.4,1990845.5999999999,62.21,10.3,4.0,23.955450331788875,50.555054968443116,19592.51725632732,13441.195104871786,77.77,23.52,4.0,28.522222222222304,79.86488395178633,1223213.066666667,134627.73333333334,0.0,0.0,4.0,15,19,25.3,-115,-2.2,22,0,71.6,46,122,0,0,1,94,38,1,1,2,4.241,5,15,262051,23.9,-104.9,8.2,99722,1.5,69.1,212,254,0,0,34,34,28,1,1,1,2.699,5,14,1352070,20.6,-112.8,0.2,51737,0,76.9,566,239,0,0,93,96,22,1,1,1,3.487,5
1761123400.324759,30.10000000000067,35.103988367843,2046958.4,1990845.5999999999,62.21,10.3,4.0,23.955450331788875,50.555054968443116,19592.51725632732,13441.195104871786,69.51,29.0,4.0,28.522222222222304,79.86488395178633,1223213.0666666667,134627.73333333334,0.0,0.0,4.0,15,3736,26.7,-115,-2.2,0,0.0,71.6,11,0,0,0,0,0,38,1,0.0,0.0,0.0,0.0,15,40372,23.6,-104.7,8.8,5581,2.5,70.6,44,22,0,0,15,1,26,1,1,1,2.13,5,13,1211332,17.6,-112.5,0.4,39344,0,72.3,589,195,14,0,254,96,24,1,1,1,3.722,5
1761123405.628213,30.10000000000067,35.103988367843,2046958.4,1990845.5999999999,64.14,20.9,4.0,23.955450331788875,50.555054968443116,19592.51725632732,13441.195104871786,69.51,29.0,4.0,28.522222222222304,79.86488395178633,1223213.0666666667,134627.73333333334,0.0,0.0,4.0,14,4234,22.2,-99.5,13.7,676,5.7,71.8,15,3,0,0,2,4,22,1,1,1,3.714,5,14,1442446,18.6,-113.7,-1.3,38488,0,75.6,612,195,0,0,107,95,24,1,1,1,3.883,5,0.0,0.0,0.0,0.0,0.0,0.0,0.0,0.0,0.0,0.0,0.0,0.0,0.0,0.0,0.0,0.0,0.0,0.0,0.0,0.0
1761123410.957977,30.10000000000067,35.103988367843,2046958.4,1990845.5999999999,64.14,20.9,4.0,23.955450331788875,50.555054968443116,19592.51725632732,13441.195104871786,72.6,27.59,4.0,28.522222222222304,79.86488395178633,1223213.0666666667,134627.73333333334,0.0,0.0,4.0,15,7325,21,-110.1,3.4,13402,4.1,62.7,23,16,0,0,4,1,34,1,1,1,2.048,5,15,1294240,20.3,-104.3,7.7,39229,0,69.1,543,194,0,0,61,21,20,1,1,1,2.758,5,0.0,0.0,0.0,0.0,0.0,0.0,0.0,0.0,0.0,0.0,0.0,0.0,0.0,0.0,0.0,0.0,0.0,0.0,0.0,0.0
1761123416.258568,28.275000000000222,33.76351409380423,1567130.4,1507986.4,66.91,22.11,4.0,23.955450331788875,50.555054968443116,19592.51725632732,13441.195104871786,72.6,27.59,4.0,29.007099290071395,78.70072153402072,1231238.4761523844,123687.63123687632,0.0,0.0,4.0,15,2822,20.5,-110.1,3.4,0,0.0,62.7,11,0,0,0,0,0,34,1,0.0,0.0,0.0,0.0,13,1123936,18,-110.3,1.8,39465,0,74.9,538,197,0,0,115,18,22,1,1,1,2.442,5,0.0,0.0,0.0,0.0,0.0,0.0,0.0,0.0,0.0,0.0,0.0,0.0,0.0,0.0,0.0,0.0,0.0,0.0,0.0,0.0
1761123421.614671,28.27500000000024,33.76351409380423,1567130.4,1507986.4,66.91,22.11,4.0,23.955450331788875,50.555054968443116,19592.51725632732,13441.195104871786,56.0,7.03,4.0,29.007099290071395,78.70072153402072,1231238.476152385,123687.63123687632,0.0,0.0,4.0,9,1283189,14,-113.4,-0.9,37061,0,70.6,642,189,22,8,423,105,26,1,1,1,3.724,5,0.0,0.0,0.0,0.0,0.0,0.0,0.0,0.0,0.0,0.0,0.0,0.0,0.0,0.0,0.0,0.0,0.0,0.0,0.0,0.0,0.0,0.0,0.0,0.0,0.0,0.0,0.0,0.0,0.0,0.0,0.0,0.0,0.0,0.0,0.0,0.0,0.0,0.0,0.0,0.0
1761123426.92389,28.27500000000024,33.76351409380423,1567130.4,1507986.4,74.7,27.21,4.0,20.083333333333634,50.105918928756836,19399.733333333334,14225.333333333336,56.0,7.03,4.0,29.007099290071395,78.70072153402072,1231238.476152385,123687.63123687632,0.0,0.0,4.0,15,1238378,14.5,-111.7,1.1,37546,0,71.1,628,190,34,0,531,17,26,1,1,2,2.85,5,0.0,0.0,0.0,0.0,0.0,0.0,0.0,0.0,0.0,0.0,0.0,0.0,0.0,0.0,0.0,0.0,0.0,0.0,0.0,0.0,0.0,0.0,0.0,0.0,0.0,0.0,0.0,0.0,0.0,0.0,0.0,0.0,0.0,0.0,0.0,0.0,0.0,0.0,0.0,0.0
1761123432.357827,28.27500000000024,33.76351409380423,1567130.4,1507986.4,74.7,27.21,4.0,20.083333333333634,50.105918928756836,19399.733333333334,14225.333333333334,66.76,18.18,4.0,29.007099290071395,78.70072153402072,1231238.476152385,123687.63123687632,0.0,0.0,4.0,12,691216,10.2,-117.2,-4.3,13875,0,79,373,72,86,34,739,236,24,1,1,2,4.62,5,0.0,0.0,0.0,0.0,0.0,0.0,0.0,0.0,0.0,0.0,0.0,0.0,0.0,0.0,0.0,0.0,0.0,0.0,0.0,0.0,0.0,0.0,0.0,0.0,0.0,0.0,0.0,0.0,0.0,0.0,0.0,0.0,0.0,0.0,0.0,0.0,0.0,0.0,0.0,0.0
1761123437.580734,28.27500000000024,33.76351409380423,1567130.4,1507986.4,61.1,6.62,4.0,20.083333333333634,50.105918928756836,19399.733333333334,14225.333333333334,66.76,18.18,4.0,29.007099290071395,78.70072153402072,1231238.476152385,123687.63123687632,0.0,0.0,4.0,15,37,18,-105.8,6.8,22,0.6,67.6,74,156,0,1,28,92,22,1,1,1,3.246,5,15,991,11.6,-111.8,0.3,14,0.9,72.9,487,154,145,24,1182,314,28,1,1,1,4.494,5,5,0,2.3,-106.4,11,0,0.0,0.0,7,1,73,0,376,0,0.0,1,0.0,1,1,1
1761123443.001814,28.27500000000024,33.76351409380423,1567130.4,1507986.4,61.1,6.62,4.0,20.083333333333634,50.105918928756836,19399.733333333334,14225.333333333334,65.85,29.88,4.0,28.470624840261927,77.91871154354966,1197868.8535520218,547724.6391305797,0.0,0.0,4.0,2,3245,23.4,-105.8,6.8,0,0.0,67.6,11,0,0,0,3,0,22,1,0.0,0.0,0.0,0.0,15,1090474,19.1,-114.3,-1.7,28649,0,70.9,382,145,40,0,364,43,30,1,1,1,3.186,5,0.0,0.0,0.0,0.0,0.0,0.0,0.0,0.0,0.0,0.0,0.0,0.0,0.0,0.0,0.0,0.0,0.0,0.0,0.0,0.0
1761123448.302537,24.995834027661694,34.51279357515065,1278728.7452091319,1225631.4614230962,75.25,41.4,4.0,20.083333333333634,50.105918928756836,19399.733333333334,14225.333333333334,65.85,29.88,4.0,28.470624840261927,77.91871154354966,1197868.8535520218,547724.6391305797,0.0,0.0,4.0,15,0,11.2,-114.7,-2.5,0,0.7,84.9,3,4,0,0,0,4,38,1,1,2,3.875,5,5,0,5,-110.7,8.6,0,0.0,0.0,3,1,0,0,3,1,0.0,1,0.0,3,4,5,3,394434,12.4,-88,25.7,13532,0.1,73.9,202,67,84,0,536,25,5,1,1,1,3.859,5
1761123453.574741,24.995834027661694,34.51279357515065,1278728.7452091319,1225631.4614230962,75.25,41.4,4.0,20.083333333333634,50.105918928756836,19399.733333333334,14225.333333333334,55.64,11.71,4.0,28.470624840261927,77.91871154354966,1197868.8535520218,547724.6391305797,0.0,0.0,4.0,15,1274,14.4,-105.7,5.9,30,0,67.9,700,191,94,0,900,83,24,1,1,1,3.507,5,15,74972,26.7,-111.7,0.7,54664,0,66.6,80,189,0,1,0,46,38,1,1,1,3.468,5,5,100,2.2,-110.7,8.6,0,0.0,0.0,4,0,43,0,216,0,0.0,1,0.0,0.0,0.0,0.0
1761123458.81402,24.995834027661694,34.51279357515065,1278728.7452091319,1225631.4614230962,70.84,17.52,4.0,24.233333333333256,50.211738403120485,19094.933333333338,10524.8,55.64,11.71,4.0,28.470624840261927,77.91871154354966,1197868.8535520218,547724.6391305797,0.0,0.0,4.0,15,616,15.4,-113.8,-1.4,10,0,71,288,78,24,0,323,31,28,1,1,1,3.688,5,5,0,2.3,-123.2,-8.8,0,0.0,0.0,9,1,49,0,262,1,0.0,1,0.0,3,4,5,15,3958,26.6,-111.7,0.7,0,0.0,66.6,11,0,0,0,0,0,38,1,0.0,0.0,0.0,0.0
1761123464.042087,24.995834027661694,34.51279357515065,1278728.7452091319,1225631.4614230962,70.84,17.52,4.0,24.233333333333277,50.211738403120485,19094.933333333334,10524.8,67.78,14.48,4.0,28.470624840261927,77.91871154354966,1197868.8535520218,547724.6391305797,0.0,0.0,4.0,15,1201081,20.1,-106.1,6,39813,0,73.7,543,200,19,0,244,24,24,1,1,1,2.987,5,5,192,2,-123.2,-8.8,0,0.0,0.0,8,0,93,0,472,0,0.0,1,0.0,0.0,0.0,0.0,0.0,0.0,0.0,0.0,0.0,0.0,0.0,0.0,0.0,0.0,0.0,0.0,0.0,0.0,0.0,0.0,0.0,0.0,0.0,0.0
1761123469.406062,24.995834027661694,34.51279357515065,1278728.7452091319,1225631.4614230962,60.82,16.81,4.0,24.233333333333277,50.211738403120485,19094.933333333334,10524.8,67.78,14.48,4.0,28.470624840261927,77.91871154354966,1197868.8535520218,547724.6391305797,0.0,0.0,4.0,14,6,24.8,-99.9,12.1,9,10.2,78.9,24,15,0,0,0,2,38,1,1,1,2.652,5,15,1380950,21.5,-117.7,-5.2,40174,0.2,73.6,596,199,0,1,112,14,24,1,1,1,2.014,5,0.0,0.0,0.0,0.0,0.0,0.0,0.0,0.0,0.0,0.0,0.0,0.0,0.0,0.0,0.0,0.0,0.0,0.0,0.0,0.0
1761123474.681825,26.478920179968668,34.61864939951785,1351832.827862023,1291967.3387768706,60.82,16.81,4.0,24.233333333333277,50.211738403120485,19094.933333333334,10524.8,66.5,36.72,4.0,26.799999999999876,78.78148878310014,1250351.2,121746.93333333333,0.0,0.0,4.0,14,3710,25.4,-99.9,12.1,0,0.0,78.9,11,0,0,0,0,0,38,1,0.0,0.0,0.0,0.0,15,1285794,12.7,-108.3,3.8,37671,0,73.4,784,191,64,6,730,95,28,1,1,1,3.713,5,0.0,0.0,0.0,0.0,0.0,0.0,0.0,0.0,0.0,0.0,0.0,0.0,0.0,0.0,0.0,0.0,0.0,0.0,0.0,0.0
1761123480.036392,26.478920179968668,34.61864939951785,1351832.827862023,1291967.3387768706,63.63,14.87,4.0,0.0,0.0,0.0,0.0,0.0,0.0,0.0,26.799999999999876,78.78148878310014,1250351.2,121746.93333333333,0.0,0.0,4.0,14,4,23.8,-98.7,15.7,1,10.4,78.3,18,9,0,0,1,1,38,1,1,1,2.7,5,15,5,20.4,-111,1.6,2,1.8,70,27,84,0,3,13,63,20,1,1,1,3.667,5,15,1047570,16.9,-105.8,6.1,32752,0.5,75.7,722,228,23,1,333,23,22,1,1,1,1.92,5
1761123492.987705,26.478920179968668,34.61864939951785,1351832.827862023,1291967.3387768706,62.69,18.73,4.0,33.15317647820254,49.988960562354926,19180.944367131622,13064.241561215573,71.35,28.7,4.0,26.799999999999876,78.78148878310014,1250351.2,121746.93333333333,0.0,0.0,4.0,15,4724,21,-109.7,2.9,1003,0.2,72.7,37,11,0,0,3,0,22,1,1,1,1.545,2,15,1272453,23,-107.6,5.1,25372,0.8,67.7,1058,278,26,0,329,18,26,1,1,1,1.801,5,0.0,0.0,0.0,0.0,0.0,0.0,0.0,0.0,0.0,0.0,0.0,0.0,0.0,0.0,0.0,0.0,0.0,0.0,0.0,0.0
1761123502.714879,0.0,0.0,0.0,0.0,0.0,0.0,0.0,33.15317647820254,49.988960562354926,19180.944367131622,13064.241561215573,79.15,23.36,4.0,70.08376102557233,77.74146125061918,1287457.9750716526,547407.0519229488,0.0,0.0,4.0,15,1307484,22.1,-104.2,9.7,34539,0.7,66.7,876,269,13,0,260,37,26,1,1,1,2.192,5,0.0,0.0,0.0,0.0,0.0,0.0,0.0,0.0,0.0,0.0,0.0,0.0,0.0,0.0,0.0,0.0,0.0,0.0,0.0,0.0,0.0,0.0,0.0,0.0,0.0,0.0,0.0,0.0,0.0,0.0,0.0,0.0,0.0,0.0,0.0,0.0,0.0,0.0,0.0,0.0
1761123513.631238,80.39493417763804,38.07943580842892,1204167.3054490918,1197297.5170804865,58.59,17.44,4.0,33.15317647820254,49.988960562354926,19180.944367131622,13064.241561215573,62.61,22.59,4.0,70.08376102557233,77.74146125061918,1287457.9750716526,547407.0519229488,0.0,0.0,4.0,14,14,24.2,-110.7,2.8,10,6,69.1,29,22,0,0,3,7,38,1,1,1,3.297,5,6,5,18.9,-108.5,4.1,1,7,66.7,24,11,0,3,7,27,28,1,1,1,4.184,5,15,1239991,14.4,-114.6,-2.2,24481,0.5,70,911,225,94,18,985,157,34,1,1,1,3.44,5
1761123519.037896,80.39493417763802,38.07943580842892,1204167.3054490918,1197297.5170804865,73.6,47.96,4.0,65.19019964949777,51.032833873370684,19841.517473626336,13351.018865331089,62.61,22.59,4.0,70.08376102557233,77.74146125061918,1287457.9750716526,547407.0519229488,0.0,0.0,4.0,15,3434,22.6,-110.7,2.8,0,0.0,69.1,11,0,0,0,4,0,38,1,0.0,0.0,0.0,0.0,15,2605,14.5,-111.3,0.7,196,0,73.3,13,1,0,0,1,0,22,1,1,2,2,2,5,1150577,7.4,-115.8,-3.4,22971,0,68.3,705,121,185,14,1599,205,32,1,1,2,4.528,5
1761123524.31429,80.39493417763802,38.07943580842892,1204167.3054490918,1197297.5170804865,73.6,47.96,4.0,65.19019964949777,51.032833873370684,19841.517473626336,13351.018865331089,56.16,13.09,4.0,70.08376102557233,77.74146125061918,1287457.9750716526,547407.0519229488,0.0,0.0,4.0,15,3731,13.8,-109.6,2.3,1213,0,72.8,21,6,0,0,9,3,24,1,1,1,3.111,5,4,1224488,10,-111.7,1,33454,0,66.5,729,168,115,0,1095,60,32,1,1,1,3.68,5,0.0,0.0,0.0,0.0,0.0,0.0,0.0,0.0,0.0,0.0,0.0,0.0,0.0,0.0,0.0,0.0,0.0,0.0,0.0,0.0
1761123529.578633,80.39493417763802,38.07943580842892,1204167.3054490918,1197297.5170804865,66.53,18.7,4.0,65.19019964949777,51.032833873370684,19841.517473626336,13351.018865331089,56.16,13.09,4.0,70.08376102557233,77.74146125061918,1287457.9750716526,547407.0519229488,0.0,0.0,4.0,14,7,23.2,-114.5,-1.9,8,5.8,68.8,28,19,0,0,3,6,38,1,1,1,3.345,5,15,23965,20.4,-112.1,0.8,7632,1,75.6,40,33,0,0,3,5,22,1,1,1,2.5,5,15,1163637,8,-114.2,-1.8,26919,0,65.9,754,136,157,0,1438,62,32,1,1,2,3.854,5
1761123534.876635,38.160747040186706,34.71451882535986,1367273.7702184427,1290898.515924629,66.53,18.7,4.0,65.19019964949777,51.032833873370684,19841.517473626336,13351.018865331089,58.43,17.63,4.0,44.27774443777507,79.77914334993108,1189753.6840701473,134781.88971127558,0.0,0.0,4.0,15,3089,23.2,-114.5,-1.9,0,0.0,68.8,10,0,0,0,2,0,38,1,0.0,0.0,0.0,0.0,15,2793,19.4,-112.1,0.8,0,0.0,75.6,11,0,0,0,2,0,22,1,0.0,0.0,0.0,0.0,15,1109595,16.9,-107.8,4.1,40108,0,67,577,199,57,1,527,24,26,1,1,1,2.139,5
1761123540.14229,38.16074704018669,34.71451882535986,1367273.7702184427,1290898.515924629,67.85,30.34,4.0,65.19019964949777,51.032833873370684,19841.517473626336,13351.018865331089,58.43,17.63,4.0,44.27774443777507,79.77914334993108,1189753.6840701473,134781.88971127558,0.0,0.0,4.0,15,5729,23,-102.8,10.9,1476,2.6,66.3,18,7,0,0,2,0,30,1,1,1,1.286,2,15,1293049,21.5,-110.1,2.4,40276,0.3,68.1,589,200,13,0,218,3,28,1,1,1,1.547,5,0.0,0.0,0.0,0.0,0.0,0.0,0.0,0.0,0.0,0.0,0.0,0.0,0.0,0.0,0.0,0.0,0.0,0.0,0.0,0.0
